-- MySQL dump 10.13  Distrib 5.7.17, for Win32 (AMD64)
--
-- Host: localhost    Database: hoa
-- ------------------------------------------------------
-- Server version	5.7.17-log

/*!40101 SET @OLD_CHARACTER_SET_CLIENT=@@CHARACTER_SET_CLIENT */;
/*!40101 SET @OLD_CHARACTER_SET_RESULTS=@@CHARACTER_SET_RESULTS */;
/*!40101 SET @OLD_COLLATION_CONNECTION=@@COLLATION_CONNECTION */;
/*!40101 SET NAMES utf8 */;
/*!40103 SET @OLD_TIME_ZONE=@@TIME_ZONE */;
/*!40103 SET TIME_ZONE='+00:00' */;
/*!40014 SET @OLD_UNIQUE_CHECKS=@@UNIQUE_CHECKS, UNIQUE_CHECKS=0 */;
/*!40014 SET @OLD_FOREIGN_KEY_CHECKS=@@FOREIGN_KEY_CHECKS, FOREIGN_KEY_CHECKS=0 */;
/*!40101 SET @OLD_SQL_MODE=@@SQL_MODE, SQL_MODE='NO_AUTO_VALUE_ON_ZERO' */;
/*!40111 SET @OLD_SQL_NOTES=@@SQL_NOTES, SQL_NOTES=0 */;

--
-- Table structure for table `collection`
--

DROP TABLE IF EXISTS `collection`;
/*!40101 SET @saved_cs_client     = @@character_set_client */;
/*!40101 SET character_set_client = utf8 */;
CREATE TABLE `collection` (
  `collectionid` int(11) NOT NULL AUTO_INCREMENT,
  `category` varchar(25) NOT NULL,
  `personid` int(11) NOT NULL,
  `type` varchar(25) DEFAULT NULL,
  `orno` varchar(25) DEFAULT NULL,
  `ordate` date DEFAULT NULL,
  `quantity` decimal(10,0) DEFAULT NULL,
  `cost_qty` decimal(10,0) DEFAULT NULL,
  `total_cost` decimal(10,0) DEFAULT NULL,
  `amount` decimal(10,2) DEFAULT NULL,
  `posted` bit(1) DEFAULT b'0',
  `deleted` bit(1) DEFAULT b'0',
  `remarks` varchar(100) DEFAULT NULL,
  `datecreated` datetime DEFAULT CURRENT_TIMESTAMP,
  `createdby` int(11) DEFAULT NULL,
  `updated_at` datetime DEFAULT NULL,
  `created_at` datetime DEFAULT NULL,
  PRIMARY KEY (`collectionid`)
) ENGINE=InnoDB AUTO_INCREMENT=30 DEFAULT CHARSET=latin1;
/*!40101 SET character_set_client = @saved_cs_client */;

--
-- Dumping data for table `collection`
--

LOCK TABLES `collection` WRITE;
/*!40000 ALTER TABLE `collection` DISABLE KEYS */;
INSERT INTO `collection` VALUES (27,'MONTHLYDUES',43,'HOMEOWNER','1','2017-07-02',NULL,NULL,NULL,50.00,'\0','','TEST','2017-07-02 21:59:45',NULL,'2017-07-03 04:59:45','2017-07-03 04:59:45'),(28,'POOL',73,'HOMEOWNER','15001','2017-04-10',NULL,NULL,NULL,870.00,'','\0','test','2007-12-31 23:09:45',NULL,'2008-01-01 07:09:45','2008-01-01 07:09:45'),(29,'POOL',74,'HOMEOWNER','15002','2017-04-10',NULL,NULL,NULL,400.00,'','\0','TEST','2007-12-31 23:11:08',NULL,'2008-01-01 07:11:08','2008-01-01 07:11:08');
/*!40000 ALTER TABLE `collection` ENABLE KEYS */;
UNLOCK TABLES;

--
-- Table structure for table `collection_category`
--

DROP TABLE IF EXISTS `collection_category`;
/*!40101 SET @saved_cs_client     = @@character_set_client */;
/*!40101 SET character_set_client = utf8 */;
CREATE TABLE `collection_category` (
  `collection_categoryid` int(11) NOT NULL AUTO_INCREMENT,
  `code` varchar(25) DEFAULT NULL,
  `description` varchar(100) DEFAULT NULL,
  `frequency` varchar(25) DEFAULT NULL,
  `isfixamount` bit(1) DEFAULT NULL,
  `amount` decimal(18,2) DEFAULT NULL,
  `active` bit(1) DEFAULT b'1',
  `datestarteffectivity` date DEFAULT NULL,
  `dateendeffectivity` date DEFAULT NULL,
  `created_at` datetime DEFAULT NULL,
  `updated_at` timestamp NOT NULL DEFAULT CURRENT_TIMESTAMP,
  `createdby` int(11) DEFAULT NULL,
  PRIMARY KEY (`collection_categoryid`)
) ENGINE=InnoDB AUTO_INCREMENT=28 DEFAULT CHARSET=latin1;
/*!40101 SET character_set_client = @saved_cs_client */;

--
-- Dumping data for table `collection_category`
--

LOCK TABLES `collection_category` WRITE;
/*!40000 ALTER TABLE `collection_category` DISABLE KEYS */;
INSERT INTO `collection_category` VALUES (10,'MONTHLYDUES','Monthly Dues',NULL,NULL,NULL,'',NULL,NULL,'2017-07-02 22:30:33','2017-07-03 05:30:33',NULL),(11,'CARSTICKER','Car Sticker',NULL,NULL,NULL,'',NULL,NULL,'2017-07-02 22:31:38','2017-07-03 05:31:38',NULL),(12,'POOL','pool',NULL,NULL,NULL,'',NULL,NULL,'2008-01-01 07:08:31','2008-01-01 15:08:31',NULL),(13,'SWIMMINGPOOLRENTAL','Swimming Pool Rental',NULL,NULL,NULL,'',NULL,NULL,'2008-01-01 07:07:18','2008-01-01 15:07:18',NULL),(14,'TABLESANDCHAIRSRENTAL','Tables and Chairs Rental',NULL,NULL,NULL,'',NULL,NULL,'2008-01-01 07:07:57','2008-01-01 15:07:57',NULL),(15,'MEMBERSHIPFEE','Membership Fee',NULL,NULL,NULL,'',NULL,NULL,'2008-01-01 07:10:10','2008-01-01 15:10:10',NULL),(16,'OCCUPANCYPERMIT','Occupancy Permit',NULL,NULL,NULL,'',NULL,NULL,'2008-01-01 07:10:47','2008-01-01 15:10:47',NULL),(17,'CONSTRUCTIONPERMIT','Construction Permit',NULL,NULL,NULL,'',NULL,NULL,'2008-01-01 07:11:34','2008-01-01 15:11:34',NULL),(18,'GATEFEE','Gate Fee',NULL,NULL,NULL,'',NULL,NULL,'2008-01-01 07:12:14','2008-01-01 15:12:14',NULL),(19,'HAULING','Hauling',NULL,NULL,NULL,'',NULL,NULL,'2008-01-01 07:12:45','2008-01-01 15:12:45',NULL),(20,'CLUBHOUSERENTAL','Clubhouse Rental',NULL,NULL,NULL,'',NULL,NULL,'2008-01-01 07:13:38','2008-01-01 15:13:38',NULL),(21,'CLUBHOUSEANDPOOLRENTAL','Clubhouse and Pool Rental',NULL,NULL,NULL,'',NULL,NULL,'2008-01-01 07:15:12','2008-01-01 15:15:12',NULL),(22,'TERMINALFEE','Terminal Fee',NULL,NULL,NULL,'',NULL,NULL,'2008-01-01 07:15:59','2008-01-01 15:15:59',NULL),(23,'XEROX','Xerox',NULL,NULL,NULL,'',NULL,NULL,'2008-01-01 07:16:59','2008-01-01 15:16:59',NULL),(24,'DONATIONSANDCONTRIBUTIONS','Donation and Contribution',NULL,NULL,NULL,'',NULL,NULL,'2008-01-01 07:17:38','2008-01-01 15:17:38',NULL),(25,'PENALTYANDCHARGES','Penalty and Charges',NULL,NULL,NULL,'',NULL,NULL,'2008-01-01 07:22:35','2008-01-01 15:22:35',NULL),(26,'BASKETBALLCOURTPAILAW','Basketball Court Pailaw',NULL,NULL,NULL,'',NULL,NULL,'2008-01-01 07:23:17','2008-01-01 15:23:17',NULL),(27,'VILLAGEPASS','Village Pass',NULL,NULL,NULL,'',NULL,NULL,'2008-01-01 07:24:12','2008-01-01 15:24:12',NULL);
/*!40000 ALTER TABLE `collection_category` ENABLE KEYS */;
UNLOCK TABLES;

--
-- Table structure for table `collection_line`
--

DROP TABLE IF EXISTS `collection_line`;
/*!40101 SET @saved_cs_client     = @@character_set_client */;
/*!40101 SET character_set_client = utf8 */;
CREATE TABLE `collection_line` (
  `collection_lineid` int(11) NOT NULL AUTO_INCREMENT,
  `collectionid` int(11) NOT NULL,
  `entityvalue1` varchar(60) DEFAULT NULL,
  `entityvalue2` varchar(60) DEFAULT NULL,
  `entityvalue3` varchar(60) DEFAULT NULL,
  `active` bit(1) DEFAULT b'1',
  `updated_at` datetime DEFAULT CURRENT_TIMESTAMP,
  `created_at` datetime DEFAULT NULL,
  PRIMARY KEY (`collection_lineid`)
) ENGINE=InnoDB AUTO_INCREMENT=64 DEFAULT CHARSET=latin1;
/*!40101 SET character_set_client = @saved_cs_client */;

--
-- Dumping data for table `collection_line`
--

LOCK TABLES `collection_line` WRITE;
/*!40000 ALTER TABLE `collection_line` DISABLE KEYS */;
INSERT INTO `collection_line` VALUES (63,27,'JAN','2017',NULL,'','2017-07-03 04:59:45','2017-07-03 04:59:45');
/*!40000 ALTER TABLE `collection_line` ENABLE KEYS */;
UNLOCK TABLES;

--
-- Table structure for table `expense`
--

DROP TABLE IF EXISTS `expense`;
/*!40101 SET @saved_cs_client     = @@character_set_client */;
/*!40101 SET character_set_client = utf8 */;
CREATE TABLE `expense` (
  `expenseid` int(11) NOT NULL AUTO_INCREMENT,
  `category` varchar(25) DEFAULT NULL,
  `category_type` varchar(45) DEFAULT NULL,
  `orno` varchar(25) DEFAULT NULL,
  `pcv` int(10) NOT NULL,
  `ordate` date DEFAULT NULL,
  `amount` decimal(18,2) DEFAULT NULL,
  `establishment` varchar(250) DEFAULT NULL,
  `posted` bit(1) DEFAULT b'0',
  `deleted` bit(1) DEFAULT b'0',
  `remarks` varchar(250) DEFAULT NULL,
  `created_at` datetime DEFAULT NULL,
  `updated_at` datetime DEFAULT CURRENT_TIMESTAMP,
  `createdby` int(11) DEFAULT NULL,
  PRIMARY KEY (`expenseid`)
) ENGINE=InnoDB AUTO_INCREMENT=16 DEFAULT CHARSET=latin1;
/*!40101 SET character_set_client = @saved_cs_client */;

--
-- Dumping data for table `expense`
--

LOCK TABLES `expense` WRITE;
/*!40000 ALTER TABLE `expense` DISABLE KEYS */;
INSERT INTO `expense` VALUES (13,'Utilities','LIGHT','1',1,'2017-07-02',100.00,'Meralco','','','TEST','2017-07-03 04:58:38','2017-07-03 04:58:38',NULL),(14,'officesupplies','BONDPAPER','OR-1234',1,'2017-06-11',1570.00,'National Bookstore','','\0',NULL,'2017-07-16 06:42:17','2017-07-16 06:42:17',NULL),(15,'REFRESHMENT','MINERAL WATER','CR-5678',2,'2017-06-19',50.00,'Aqua Safe','','\0',NULL,'2017-07-16 06:43:48','2017-07-16 06:43:48',NULL);
/*!40000 ALTER TABLE `expense` ENABLE KEYS */;
UNLOCK TABLES;

--
-- Table structure for table `expense_category`
--

DROP TABLE IF EXISTS `expense_category`;
/*!40101 SET @saved_cs_client     = @@character_set_client */;
/*!40101 SET character_set_client = utf8 */;
CREATE TABLE `expense_category` (
  `expense_categoryid` int(11) NOT NULL AUTO_INCREMENT,
  `code` varchar(25) DEFAULT NULL,
  `description` varchar(100) DEFAULT NULL,
  `active` bit(1) DEFAULT b'1',
  `created_at` datetime DEFAULT NULL,
  `updated_at` datetime DEFAULT CURRENT_TIMESTAMP,
  `createdby` bit(1) DEFAULT NULL,
  PRIMARY KEY (`expense_categoryid`)
) ENGINE=InnoDB AUTO_INCREMENT=19 DEFAULT CHARSET=latin1;
/*!40101 SET character_set_client = @saved_cs_client */;

--
-- Dumping data for table `expense_category`
--

LOCK TABLES `expense_category` WRITE;
/*!40000 ALTER TABLE `expense_category` DISABLE KEYS */;
INSERT INTO `expense_category` VALUES (10,'Utilities','Utilities','','2017-07-03 04:58:06','2017-07-03 04:58:06',NULL),(11,'officesupplies','Office Supplies','','2017-07-16 06:41:26','2017-07-16 06:41:26',NULL),(12,'REFRESHMENT','Refreshment','','2017-07-16 06:43:19','2017-07-16 06:43:19',NULL),(13,'gasolineroving','Gasoline - Roving','','2008-01-01 07:26:26','2008-01-01 07:26:26',NULL),(14,'GASOLINEOB','Gasoline - OB','','2008-01-01 07:26:53','2008-01-01 07:26:53',NULL),(15,'UTILITIESMERALCO-ADMIN','Utilities - Meralco Admin','','2008-01-01 07:28:09','2008-01-01 07:28:09',NULL),(16,'UTILITIES-MERALCOCOURT','Utilities - Meralco Court','','2008-01-01 07:28:50','2008-01-01 07:28:50',NULL),(17,'UTILITIESMERALCOCLUBHOUSE','Utilities - Meralco Clubhouse','','2008-01-01 07:31:29','2008-01-01 07:31:29',NULL),(18,'UTILITES-pldt','Utilities - PLDT','','2008-01-01 07:32:23','2008-01-01 07:32:23',NULL);
/*!40000 ALTER TABLE `expense_category` ENABLE KEYS */;
UNLOCK TABLES;

--
-- Table structure for table `expense_category_type`
--

DROP TABLE IF EXISTS `expense_category_type`;
/*!40101 SET @saved_cs_client     = @@character_set_client */;
/*!40101 SET character_set_client = utf8 */;
CREATE TABLE `expense_category_type` (
  `expense_category_typeid` int(11) NOT NULL AUTO_INCREMENT,
  `category_code` varchar(45) DEFAULT NULL,
  `code` varchar(45) DEFAULT NULL,
  `description` varchar(250) DEFAULT NULL,
  `active` bit(1) DEFAULT b'1',
  `created_at` datetime DEFAULT NULL,
  `updated_at` datetime DEFAULT CURRENT_TIMESTAMP,
  `createdby` int(11) DEFAULT NULL,
  PRIMARY KEY (`expense_category_typeid`)
) ENGINE=InnoDB AUTO_INCREMENT=9 DEFAULT CHARSET=latin1;
/*!40101 SET character_set_client = @saved_cs_client */;

--
-- Dumping data for table `expense_category_type`
--

LOCK TABLES `expense_category_type` WRITE;
/*!40000 ALTER TABLE `expense_category_type` DISABLE KEYS */;
INSERT INTO `expense_category_type` VALUES (6,'Utilities','LIGHT','Light','','2017-07-03 04:58:28','2017-07-03 04:58:28',NULL),(7,'officesupplies','BONDPAPER','BOND PAPER','','2017-07-16 06:42:09','2017-07-16 06:42:09',NULL),(8,'REFRESHMENT','MINERAL WATER','Mineral Water','','2017-07-16 06:43:41','2017-07-16 06:43:41',NULL);
/*!40000 ALTER TABLE `expense_category_type` ENABLE KEYS */;
UNLOCK TABLES;

--
-- Table structure for table `expense_line`
--

DROP TABLE IF EXISTS `expense_line`;
/*!40101 SET @saved_cs_client     = @@character_set_client */;
/*!40101 SET character_set_client = utf8 */;
CREATE TABLE `expense_line` (
  `expense_lineid` int(11) NOT NULL AUTO_INCREMENT,
  `expenseid` int(11) DEFAULT NULL,
  `entityvalue1` varchar(45) DEFAULT NULL,
  `entityvalue2` varchar(45) DEFAULT NULL,
  `entityvalue3` varchar(45) DEFAULT NULL,
  `active` bit(1) DEFAULT b'1',
  `created_at` datetime DEFAULT NULL,
  `updated_at` datetime DEFAULT NULL,
  `createdby` int(11) DEFAULT NULL,
  PRIMARY KEY (`expense_lineid`)
) ENGINE=InnoDB AUTO_INCREMENT=13 DEFAULT CHARSET=latin1;
/*!40101 SET character_set_client = @saved_cs_client */;

--
-- Dumping data for table `expense_line`
--

LOCK TABLES `expense_line` WRITE;
/*!40000 ALTER TABLE `expense_line` DISABLE KEYS */;
INSERT INTO `expense_line` VALUES (10,13,NULL,NULL,NULL,'','2017-07-03 04:58:38','2017-07-03 04:58:38',NULL),(11,14,NULL,NULL,NULL,'','2017-07-16 06:42:17','2017-07-16 06:42:17',NULL),(12,15,NULL,NULL,NULL,'','2017-07-16 06:43:48','2017-07-16 06:43:48',NULL);
/*!40000 ALTER TABLE `expense_line` ENABLE KEYS */;
UNLOCK TABLES;

--
-- Table structure for table `person`
--

DROP TABLE IF EXISTS `person`;
/*!40101 SET @saved_cs_client     = @@character_set_client */;
/*!40101 SET character_set_client = utf8 */;
CREATE TABLE `person` (
  `personid` int(11) NOT NULL AUTO_INCREMENT,
  `lname` varchar(60) DEFAULT NULL,
  `fname` varchar(60) DEFAULT NULL,
  `mname` varchar(60) DEFAULT NULL,
  `type` varchar(45) NOT NULL,
  `active` bit(1) DEFAULT b'1',
  `deleted` bit(1) DEFAULT b'0',
  `datestarteffectivity` date DEFAULT NULL,
  `dateendeffectivity` date DEFAULT NULL,
  `created_at` datetime DEFAULT NULL,
  `updated_at` datetime DEFAULT CURRENT_TIMESTAMP,
  `createdby` int(11) DEFAULT NULL,
  PRIMARY KEY (`personid`)
) ENGINE=InnoDB AUTO_INCREMENT=75 DEFAULT CHARSET=latin1;
/*!40101 SET character_set_client = @saved_cs_client */;

--
-- Dumping data for table `person`
--

LOCK TABLES `person` WRITE;
/*!40000 ALTER TABLE `person` DISABLE KEYS */;
INSERT INTO `person` VALUES (43,'Penaflor','Rommel',NULL,'HOMEOWNER','','\0','2017-07-03','2099-12-31','2017-07-03 04:41:24','2017-07-03 04:41:24',1),(44,'ABONADOR','ALBERTO',NULL,'HOMEOWNER','','\0','2008-01-01','2099-12-31','2008-01-01 07:14:25','2008-01-01 07:14:25',1),(45,'AGUVIDA','CONSTANCIO',NULL,'HOMEOWNER','','\0','2008-01-01','2099-12-31','2008-01-01 07:16:44','2008-01-01 07:16:44',1),(46,'ALARCON','ROBERTO',NULL,'HOMEOWNER','','\0','2008-01-01','2099-12-31','2008-01-01 07:18:03','2008-01-01 07:18:03',1),(47,'ALCANTARA','EMIL',NULL,'HOMEOWNER','','\0','2008-01-01','2099-12-31','2008-01-01 07:18:58','2008-01-01 07:18:58',1),(48,'ALCASABAS','FROILAN',NULL,'HOMEOWNER','','\0','2008-01-01','2099-12-31','2008-01-01 07:23:01','2008-01-01 07:23:01',1),(49,'ALMOETE','CHARLES',NULL,'HOMEOWNER','','\0','2008-01-01','2099-12-31','2008-01-01 07:24:45','2008-01-01 07:24:45',1),(50,'ALPAY','RUBEN',NULL,'HOMEOWNER','','\0','2008-01-01','2099-12-31','2008-01-01 07:26:18','2008-01-01 07:26:18',1),(51,'ALQUILLERA','FERNANDO',NULL,'HOMEOWNER','','\0','2008-01-01','2099-12-31','2008-01-01 07:27:34','2008-01-01 07:27:34',1),(52,'ALVAREZ','ALEX',NULL,'HOMEOWNER','','\0','2008-01-01','2099-12-31','2008-01-01 07:28:59','2008-01-01 07:28:59',1),(53,'ANGELES','ALEXANDER',NULL,'HOMEOWNER','','\0','2008-01-01','2099-12-31','2008-01-01 07:31:24','2008-01-01 07:31:24',1),(54,'ANGELES','JOSE FLORANTE JR.',NULL,'HOMEOWNER','','\0','2017-07-16','2099-12-31','2017-07-16 02:16:26','2017-07-16 02:16:26',1),(55,'APREGILIO','RENATO',NULL,'HOMEOWNER','','\0','2017-07-16','2099-12-31','2017-07-16 02:18:52','2017-07-16 02:18:52',1),(56,'ARGUELLES','RESTY',NULL,'HOMEOWNER','','\0','2017-07-16','2099-12-31','2017-07-16 02:21:57','2017-07-16 02:21:57',1),(57,'ARRIOLA','RONALDO',NULL,'HOMEOWNER','','\0','2017-07-16','2099-12-31','2017-07-16 02:23:00','2017-07-16 02:23:00',1),(58,'BACHO','ENRIQUE',NULL,'HOMEOWNER','','\0','2017-07-16','2099-12-31','2017-07-16 02:25:47','2017-07-16 02:25:47',1),(59,'BACULI','RICARDO',NULL,'HOMEOWNER','','\0','2017-07-16','2099-12-31','2017-07-16 02:27:34','2017-07-16 02:27:34',1),(60,'BADANA','REX',NULL,'HOMEOWNER','','\0','2017-07-16','2099-12-31','2017-07-16 02:28:45','2017-07-16 02:28:45',1),(61,'BAJITA','ARIEL',NULL,'HOMEOWNER','','\0','2017-07-16','2099-12-31','2017-07-16 02:30:49','2017-07-16 02:30:49',1),(62,'BALDOMAR','AREOPAHITO',NULL,'HOMEOWNER','','\0','2017-07-16','2099-12-31','2017-07-16 02:32:37','2017-07-16 02:32:37',1),(63,'BALMEO','ARNEL',NULL,'HOMEOWNER','','\0','2017-07-16','2099-12-31','2017-07-16 02:33:43','2017-07-16 02:33:43',1),(64,'BARRAMEDA','SETH JR',NULL,'HOMEOWNER','','\0','2017-07-16','2099-12-31','2017-07-16 02:36:07','2017-07-16 02:36:07',1),(65,'BATONGHINOG','NELSON SR.',NULL,'HOMEOWNER','','\0','2017-07-16','2099-12-31','2017-07-16 02:37:15','2017-07-16 02:37:15',1),(66,'BAUTISTA','FLORAMANTE',NULL,'HOMEOWNER','','\0','2017-07-16','2099-12-31','2017-07-16 02:38:12','2017-07-16 02:38:12',1),(67,'BELLIN','LAURENCE',NULL,'HOMEOWNER','','\0','2017-07-16','2099-12-31','2017-07-16 02:39:29','2017-07-16 02:39:29',1),(68,'BENEDICTO','ALWIN',NULL,'HOMEOWNER','','\0','2017-07-16','2099-12-31','2017-07-16 02:41:08','2017-07-16 02:41:08',1),(69,'BERCADES','JOEL',NULL,'HOMEOWNER','','\0','2017-07-16','2099-12-31','2017-07-16 02:42:06','2017-07-16 02:42:06',1),(70,'BONIFACIO','RICKY',NULL,'HOMEOWNER','','\0','2017-07-16','2099-12-31','2017-07-16 02:43:45','2017-07-16 02:43:45',1),(71,'BRILLO','HENRY',NULL,'HOMEOWNER','','\0','2017-07-16','2099-12-31','2017-07-16 02:45:33','2017-07-16 02:45:33',1),(72,'BROSA','MARIO',NULL,'HOMEOWNER','','\0','2017-07-16','2099-12-31','2017-07-16 02:46:13','2017-07-16 02:46:13',1),(73,'PENA','TESS',NULL,'HOMEOWNER','','\0','2008-01-01','2099-12-31','2008-01-01 07:07:43','2008-01-01 07:07:43',1),(74,'ROXAS','BEN',NULL,'HOMEOWNER','','\0','2008-01-01','2099-12-31','2008-01-01 07:10:45','2008-01-01 07:10:45',1);
/*!40000 ALTER TABLE `person` ENABLE KEYS */;
UNLOCK TABLES;

--
-- Table structure for table `person_profile`
--

DROP TABLE IF EXISTS `person_profile`;
/*!40101 SET @saved_cs_client     = @@character_set_client */;
/*!40101 SET character_set_client = utf8 */;
CREATE TABLE `person_profile` (
  `person_profileid` int(11) NOT NULL AUTO_INCREMENT,
  `personid` int(11) NOT NULL,
  `fieldcode` varchar(60) NOT NULL,
  `fieldname` varchar(60) DEFAULT NULL,
  `fieldvalue` varchar(60) DEFAULT NULL,
  `fieldgroup` varchar(25) DEFAULT '01',
  `active` bit(1) DEFAULT b'1',
  `datestarteffectivity` date DEFAULT NULL,
  `dateendeffectivity` date DEFAULT NULL,
  `createdby` int(11) DEFAULT NULL,
  `created_at` datetime DEFAULT NULL,
  `updated_at` datetime DEFAULT NULL,
  PRIMARY KEY (`person_profileid`)
) ENGINE=InnoDB AUTO_INCREMENT=1300 DEFAULT CHARSET=latin1;
/*!40101 SET character_set_client = @saved_cs_client */;

--
-- Dumping data for table `person_profile`
--

LOCK TABLES `person_profile` WRITE;
/*!40000 ALTER TABLE `person_profile` DISABLE KEYS */;
INSERT INTO `person_profile` VALUES (673,43,'STATUS','Civil Status','SINGLE','01','','2017-07-03','2099-12-31',1,'2017-07-03 04:41:24','2017-07-03 04:41:24'),(674,43,'GENDER','Gender',NULL,'01','','2017-07-03','2099-12-31',1,'2017-07-03 04:41:24','2017-07-03 04:41:24'),(675,43,'BIRTHDAY','Birthday',NULL,'01','','2017-07-03','2099-12-31',1,'2017-07-03 04:41:24','2017-07-03 04:41:24'),(676,43,'ADDRESS_STREET','Address Street','599 Boni','01','','2017-07-03','2099-12-31',1,'2017-07-03 04:41:24','2017-07-03 04:41:24'),(677,43,'ADDRESS_CITY','Address City','Mandaluyong','01','','2017-07-03','2099-12-31',1,'2017-07-03 04:41:24','2017-07-03 04:41:24'),(678,43,'ADDRESS_PROVINCE','Address City','Manila','01','','2017-07-03','2099-12-31',1,'2017-07-03 04:41:24','2017-07-03 04:41:24'),(679,43,'CONTACT_MOBILENO','Mobile No.',NULL,'01','','2017-07-03','2099-12-31',1,'2017-07-03 04:41:24','2017-07-03 04:41:24'),(680,43,'CONTACT_TELEPHONENO','Telephone No.',NULL,'01','','2017-07-03','2099-12-31',1,'2017-07-03 04:41:24','2017-07-03 04:41:24'),(681,43,'EMAIL','Email',NULL,'01','','2017-07-03','2099-12-31',1,'2017-07-03 04:41:24','2017-07-03 04:41:24'),(682,43,'YEAR_MOVED','Year moved to Green Ridge',NULL,'01','','2017-07-03','2099-12-31',1,'2017-07-03 04:41:24','2017-07-03 04:41:24'),(683,43,'REPRESENTATIVE','Authorized Representative',NULL,'01','','2017-07-03','2099-12-31',1,'2017-07-03 04:41:25','2017-07-03 04:41:25'),(684,43,'REPRESENTATIVE_RELATIONSHIP','Authorized Representative Relationship.',NULL,'01','','2017-07-03','2099-12-31',1,'2017-07-03 04:41:25','2017-07-03 04:41:25'),(685,43,'REPRESENTATIVE_CONTACTNO','Authorized Representative Contact No.',NULL,'01','','2017-07-03','2099-12-31',1,'2017-07-03 04:41:25','2017-07-03 04:41:25'),(686,43,'WIFE_LNAME','Wife lastname',NULL,'01','','2017-07-03','2099-12-31',1,'2017-07-03 04:41:25','2017-07-03 04:41:25'),(687,43,'WIFE_FNAME','Wife firstname',NULL,'01','','2017-07-03','2099-12-31',1,'2017-07-03 04:41:25','2017-07-03 04:41:25'),(688,43,'WIFE_MNAME','Wife middlename',NULL,'01','','2017-07-03','2099-12-31',1,'2017-07-03 04:41:25','2017-07-03 04:41:25'),(689,43,'WIFE_BIRTHDAY','Birthday',NULL,'01','','2017-07-03','2099-12-31',1,'2017-07-03 04:41:25','2017-07-03 04:41:25'),(690,43,'WIFE_CONTACT_MOBILENO','Mobile No.',NULL,'01','','2017-07-03','2099-12-31',1,'2017-07-03 04:41:25','2017-07-03 04:41:25'),(691,43,'WIFE_EMAIL','Email',NULL,'01','','2017-07-03','2099-12-31',1,'2017-07-03 04:41:25','2017-07-03 04:41:25'),(692,44,'STATUS','Civil Status','MARRIED','01','','2008-01-01','2099-12-31',1,'2008-01-01 07:14:25','2008-01-01 07:14:26'),(693,44,'GENDER','Gender',NULL,'01','','2008-01-01','2099-12-31',1,'2008-01-01 07:14:26','2008-01-01 07:14:26'),(694,44,'BIRTHDAY','Birthday',NULL,'01','','2008-01-01','2099-12-31',1,'2008-01-01 07:14:26','2008-01-01 07:14:26'),(695,44,'ADDRESS_STREET','Address Street','Rowhouse L46 B6 P4','01','','2008-01-01','2099-12-31',1,'2008-01-01 07:14:26','2008-01-01 07:14:26'),(696,44,'ADDRESS_CITY','Address City','-','01','','2008-01-01','2099-12-31',1,'2008-01-01 07:14:26','2008-01-01 07:14:26'),(697,44,'ADDRESS_PROVINCE','Address City','-','01','','2008-01-01','2099-12-31',1,'2008-01-01 07:14:26','2008-01-01 07:14:26'),(698,44,'CONTACT_MOBILENO','Mobile No.',NULL,'01','','2008-01-01','2099-12-31',1,'2008-01-01 07:14:26','2008-01-01 07:14:26'),(699,44,'CONTACT_TELEPHONENO','Telephone No.',NULL,'01','','2008-01-01','2099-12-31',1,'2008-01-01 07:14:26','2008-01-01 07:14:26'),(700,44,'EMAIL','Email',NULL,'01','','2008-01-01','2099-12-31',1,'2008-01-01 07:14:26','2008-01-01 07:14:26'),(701,44,'YEAR_MOVED','Year moved to Green Ridge',NULL,'01','','2008-01-01','2099-12-31',1,'2008-01-01 07:14:26','2008-01-01 07:14:26'),(702,44,'REPRESENTATIVE','Authorized Representative',NULL,'01','','2008-01-01','2099-12-31',1,'2008-01-01 07:14:26','2008-01-01 07:14:26'),(703,44,'REPRESENTATIVE_RELATIONSHIP','Authorized Representative Relationship.',NULL,'01','','2008-01-01','2099-12-31',1,'2008-01-01 07:14:26','2008-01-01 07:14:26'),(704,44,'REPRESENTATIVE_CONTACTNO','Authorized Representative Contact No.',NULL,'01','','2008-01-01','2099-12-31',1,'2008-01-01 07:14:26','2008-01-01 07:14:26'),(705,44,'WIFE_LNAME','Wife lastname','ABONADOR','01','','2008-01-01','2099-12-31',1,'2008-01-01 07:14:26','2008-01-01 07:14:26'),(706,44,'WIFE_FNAME','Wife firstname','MYRA','01','','2008-01-01','2099-12-31',1,'2008-01-01 07:14:26','2008-01-01 07:14:26'),(707,44,'WIFE_MNAME','Wife middlename',NULL,'01','','2008-01-01','2099-12-31',1,'2008-01-01 07:14:26','2008-01-01 07:14:26'),(708,44,'WIFE_BIRTHDAY','Birthday',NULL,'01','','2008-01-01','2099-12-31',1,'2008-01-01 07:14:26','2008-01-01 07:14:26'),(709,44,'WIFE_CONTACT_MOBILENO','Mobile No.',NULL,'01','','2008-01-01','2099-12-31',1,'2008-01-01 07:14:26','2008-01-01 07:14:26'),(710,44,'WIFE_EMAIL','Email',NULL,'01','','2008-01-01','2099-12-31',1,'2008-01-01 07:14:26','2008-01-01 07:14:26'),(711,45,'STATUS','Civil Status','MARRIED','01','','2008-01-01','2099-12-31',1,'2008-01-01 07:16:44','2008-01-01 07:16:44'),(712,45,'GENDER','Gender',NULL,'01','','2008-01-01','2099-12-31',1,'2008-01-01 07:16:44','2008-01-01 07:16:44'),(713,45,'BIRTHDAY','Birthday',NULL,'01','','2008-01-01','2099-12-31',1,'2008-01-01 07:16:44','2008-01-01 07:16:44'),(714,45,'ADDRESS_STREET','Address Street','De la Cour L31 B6 P4','01','','2008-01-01','2099-12-31',1,'2008-01-01 07:16:45','2008-01-01 07:16:45'),(715,45,'ADDRESS_CITY','Address City','-','01','','2008-01-01','2099-12-31',1,'2008-01-01 07:16:45','2008-01-01 07:16:45'),(716,45,'ADDRESS_PROVINCE','Address City','-','01','','2008-01-01','2099-12-31',1,'2008-01-01 07:16:45','2008-01-01 07:16:45'),(717,45,'CONTACT_MOBILENO','Mobile No.',NULL,'01','','2008-01-01','2099-12-31',1,'2008-01-01 07:16:45','2008-01-01 07:16:45'),(718,45,'CONTACT_TELEPHONENO','Telephone No.',NULL,'01','','2008-01-01','2099-12-31',1,'2008-01-01 07:16:45','2008-01-01 07:16:45'),(719,45,'EMAIL','Email',NULL,'01','','2008-01-01','2099-12-31',1,'2008-01-01 07:16:45','2008-01-01 07:16:45'),(720,45,'YEAR_MOVED','Year moved to Green Ridge',NULL,'01','','2008-01-01','2099-12-31',1,'2008-01-01 07:16:45','2008-01-01 07:16:45'),(721,45,'REPRESENTATIVE','Authorized Representative',NULL,'01','','2008-01-01','2099-12-31',1,'2008-01-01 07:16:45','2008-01-01 07:16:45'),(722,45,'REPRESENTATIVE_RELATIONSHIP','Authorized Representative Relationship.',NULL,'01','','2008-01-01','2099-12-31',1,'2008-01-01 07:16:45','2008-01-01 07:16:45'),(723,45,'REPRESENTATIVE_CONTACTNO','Authorized Representative Contact No.',NULL,'01','','2008-01-01','2099-12-31',1,'2008-01-01 07:16:45','2008-01-01 07:16:45'),(724,45,'WIFE_LNAME','Wife lastname','AGUVIDA','01','','2008-01-01','2099-12-31',1,'2008-01-01 07:16:45','2008-01-01 07:16:45'),(725,45,'WIFE_FNAME','Wife firstname','FELICISIMA','01','','2008-01-01','2099-12-31',1,'2008-01-01 07:16:45','2008-01-01 07:16:45'),(726,45,'WIFE_MNAME','Wife middlename',NULL,'01','','2008-01-01','2099-12-31',1,'2008-01-01 07:16:45','2008-01-01 07:16:45'),(727,45,'WIFE_BIRTHDAY','Birthday',NULL,'01','','2008-01-01','2099-12-31',1,'2008-01-01 07:16:45','2008-01-01 07:16:45'),(728,45,'WIFE_CONTACT_MOBILENO','Mobile No.',NULL,'01','','2008-01-01','2099-12-31',1,'2008-01-01 07:16:45','2008-01-01 07:16:45'),(729,45,'WIFE_EMAIL','Email',NULL,'01','','2008-01-01','2099-12-31',1,'2008-01-01 07:16:45','2008-01-01 07:16:45'),(730,46,'STATUS','Civil Status','MARRIED','01','','2008-01-01','2099-12-31',1,'2008-01-01 07:18:03','2008-01-01 07:18:03'),(731,46,'GENDER','Gender',NULL,'01','','2008-01-01','2099-12-31',1,'2008-01-01 07:18:03','2008-01-01 07:18:03'),(732,46,'BIRTHDAY','Birthday',NULL,'01','','2008-01-01','2099-12-31',1,'2008-01-01 07:18:03','2008-01-01 07:18:03'),(733,46,'ADDRESS_STREET','Address Street','Forestburg L36 B8 P4','01','','2008-01-01','2099-12-31',1,'2008-01-01 07:18:03','2008-01-01 07:18:03'),(734,46,'ADDRESS_CITY','Address City','-','01','','2008-01-01','2099-12-31',1,'2008-01-01 07:18:03','2008-01-01 07:18:03'),(735,46,'ADDRESS_PROVINCE','Address City','-','01','','2008-01-01','2099-12-31',1,'2008-01-01 07:18:03','2008-01-01 07:18:03'),(736,46,'CONTACT_MOBILENO','Mobile No.',NULL,'01','','2008-01-01','2099-12-31',1,'2008-01-01 07:18:03','2008-01-01 07:18:03'),(737,46,'CONTACT_TELEPHONENO','Telephone No.',NULL,'01','','2008-01-01','2099-12-31',1,'2008-01-01 07:18:03','2008-01-01 07:18:03'),(738,46,'EMAIL','Email',NULL,'01','','2008-01-01','2099-12-31',1,'2008-01-01 07:18:03','2008-01-01 07:18:03'),(739,46,'YEAR_MOVED','Year moved to Green Ridge',NULL,'01','','2008-01-01','2099-12-31',1,'2008-01-01 07:18:03','2008-01-01 07:18:03'),(740,46,'REPRESENTATIVE','Authorized Representative',NULL,'01','','2008-01-01','2099-12-31',1,'2008-01-01 07:18:03','2008-01-01 07:18:03'),(741,46,'REPRESENTATIVE_RELATIONSHIP','Authorized Representative Relationship.',NULL,'01','','2008-01-01','2099-12-31',1,'2008-01-01 07:18:03','2008-01-01 07:18:03'),(742,46,'REPRESENTATIVE_CONTACTNO','Authorized Representative Contact No.',NULL,'01','','2008-01-01','2099-12-31',1,'2008-01-01 07:18:03','2008-01-01 07:18:03'),(743,46,'WIFE_LNAME','Wife lastname','ALARCON','01','','2008-01-01','2099-12-31',1,'2008-01-01 07:18:03','2008-01-01 07:18:03'),(744,46,'WIFE_FNAME','Wife firstname','GENALYN','01','','2008-01-01','2099-12-31',1,'2008-01-01 07:18:03','2008-01-01 07:18:03'),(745,46,'WIFE_MNAME','Wife middlename',NULL,'01','','2008-01-01','2099-12-31',1,'2008-01-01 07:18:03','2008-01-01 07:18:03'),(746,46,'WIFE_BIRTHDAY','Birthday',NULL,'01','','2008-01-01','2099-12-31',1,'2008-01-01 07:18:03','2008-01-01 07:18:03'),(747,46,'WIFE_CONTACT_MOBILENO','Mobile No.',NULL,'01','','2008-01-01','2099-12-31',1,'2008-01-01 07:18:03','2008-01-01 07:18:03'),(748,46,'WIFE_EMAIL','Email',NULL,'01','','2008-01-01','2099-12-31',1,'2008-01-01 07:18:03','2008-01-01 07:18:03'),(749,47,'STATUS','Civil Status','MARRIED','01','\0','2008-01-01','2008-01-01',1,'2008-01-01 07:18:58','2008-01-01 07:18:58'),(750,47,'GENDER','Gender',NULL,'01','\0','2008-01-01','2008-01-01',1,'2008-01-01 07:18:58','2008-01-01 07:18:58'),(751,47,'BIRTHDAY','Birthday',NULL,'01','\0','2008-01-01','2008-01-01',1,'2008-01-01 07:18:58','2008-01-01 07:18:58'),(752,47,'ADDRESS_STREET','Address Street','-','01','\0','2008-01-01','2008-01-01',1,'2008-01-01 07:18:58','2008-01-01 07:18:58'),(753,47,'ADDRESS_CITY','Address City','-','01','\0','2008-01-01','2008-01-01',1,'2008-01-01 07:18:58','2008-01-01 07:18:58'),(754,47,'ADDRESS_PROVINCE','Address City','-','01','\0','2008-01-01','2008-01-01',1,'2008-01-01 07:18:58','2008-01-01 07:18:58'),(755,47,'CONTACT_MOBILENO','Mobile No.',NULL,'01','\0','2008-01-01','2008-01-01',1,'2008-01-01 07:18:58','2008-01-01 07:18:58'),(756,47,'CONTACT_TELEPHONENO','Telephone No.',NULL,'01','\0','2008-01-01','2008-01-01',1,'2008-01-01 07:18:58','2008-01-01 07:18:58'),(757,47,'EMAIL','Email',NULL,'01','\0','2008-01-01','2008-01-01',1,'2008-01-01 07:18:58','2008-01-01 07:18:58'),(758,47,'YEAR_MOVED','Year moved to Green Ridge',NULL,'01','\0','2008-01-01','2008-01-01',1,'2008-01-01 07:18:58','2008-01-01 07:18:58'),(759,47,'REPRESENTATIVE','Authorized Representative',NULL,'01','\0','2008-01-01','2008-01-01',1,'2008-01-01 07:18:58','2008-01-01 07:18:58'),(760,47,'REPRESENTATIVE_RELATIONSHIP','Authorized Representative Relationship.',NULL,'01','\0','2008-01-01','2008-01-01',1,'2008-01-01 07:18:58','2008-01-01 07:18:58'),(761,47,'REPRESENTATIVE_CONTACTNO','Authorized Representative Contact No.',NULL,'01','\0','2008-01-01','2008-01-01',1,'2008-01-01 07:18:58','2008-01-01 07:18:58'),(762,47,'WIFE_LNAME','Wife lastname','ALCANTARA','01','\0','2008-01-01','2008-01-01',1,'2008-01-01 07:18:58','2008-01-01 07:18:58'),(763,47,'WIFE_FNAME','Wife firstname','MIMI','01','\0','2008-01-01','2008-01-01',1,'2008-01-01 07:18:58','2008-01-01 07:18:58'),(764,47,'WIFE_MNAME','Wife middlename',NULL,'01','\0','2008-01-01','2008-01-01',1,'2008-01-01 07:18:58','2008-01-01 07:18:58'),(765,47,'WIFE_BIRTHDAY','Birthday',NULL,'01','\0','2008-01-01','2008-01-01',1,'2008-01-01 07:18:58','2008-01-01 07:18:58'),(766,47,'WIFE_CONTACT_MOBILENO','Mobile No.',NULL,'01','\0','2008-01-01','2008-01-01',1,'2008-01-01 07:18:58','2008-01-01 07:18:58'),(767,47,'WIFE_EMAIL','Email',NULL,'01','\0','2008-01-01','2008-01-01',1,'2008-01-01 07:18:58','2008-01-01 07:18:58'),(768,48,'STATUS','Civil Status','MARRIED','01','','2008-01-01','2099-12-31',1,'2008-01-01 07:23:01','2008-01-01 07:23:01'),(769,48,'GENDER','Gender',NULL,'01','','2008-01-01','2099-12-31',1,'2008-01-01 07:23:01','2008-01-01 07:23:01'),(770,48,'BIRTHDAY','Birthday',NULL,'01','','2008-01-01','2099-12-31',1,'2008-01-01 07:23:01','2008-01-01 07:23:01'),(771,48,'ADDRESS_STREET','Address Street','-','01','','2008-01-01','2099-12-31',1,'2008-01-01 07:23:01','2008-01-01 07:23:01'),(772,48,'ADDRESS_CITY','Address City','-','01','','2008-01-01','2099-12-31',1,'2008-01-01 07:23:01','2008-01-01 07:23:01'),(773,48,'ADDRESS_PROVINCE','Address City','-','01','','2008-01-01','2099-12-31',1,'2008-01-01 07:23:01','2008-01-01 07:23:01'),(774,48,'CONTACT_MOBILENO','Mobile No.',NULL,'01','','2008-01-01','2099-12-31',1,'2008-01-01 07:23:01','2008-01-01 07:23:01'),(775,48,'CONTACT_TELEPHONENO','Telephone No.',NULL,'01','','2008-01-01','2099-12-31',1,'2008-01-01 07:23:01','2008-01-01 07:23:01'),(776,48,'EMAIL','Email',NULL,'01','','2008-01-01','2099-12-31',1,'2008-01-01 07:23:01','2008-01-01 07:23:01'),(777,48,'YEAR_MOVED','Year moved to Green Ridge',NULL,'01','','2008-01-01','2099-12-31',1,'2008-01-01 07:23:01','2008-01-01 07:23:01'),(778,48,'REPRESENTATIVE','Authorized Representative',NULL,'01','','2008-01-01','2099-12-31',1,'2008-01-01 07:23:01','2008-01-01 07:23:01'),(779,48,'REPRESENTATIVE_RELATIONSHIP','Authorized Representative Relationship.',NULL,'01','','2008-01-01','2099-12-31',1,'2008-01-01 07:23:01','2008-01-01 07:23:01'),(780,48,'REPRESENTATIVE_CONTACTNO','Authorized Representative Contact No.',NULL,'01','','2008-01-01','2099-12-31',1,'2008-01-01 07:23:01','2008-01-01 07:23:01'),(781,48,'WIFE_LNAME','Wife lastname','ALCASABAS','01','','2008-01-01','2099-12-31',1,'2008-01-01 07:23:01','2008-01-01 07:23:01'),(782,48,'WIFE_FNAME','Wife firstname','ASTERIA','01','','2008-01-01','2099-12-31',1,'2008-01-01 07:23:01','2008-01-01 07:23:01'),(783,48,'WIFE_MNAME','Wife middlename',NULL,'01','','2008-01-01','2099-12-31',1,'2008-01-01 07:23:01','2008-01-01 07:23:01'),(784,48,'WIFE_BIRTHDAY','Birthday',NULL,'01','','2008-01-01','2099-12-31',1,'2008-01-01 07:23:01','2008-01-01 07:23:01'),(785,48,'WIFE_CONTACT_MOBILENO','Mobile No.',NULL,'01','','2008-01-01','2099-12-31',1,'2008-01-01 07:23:01','2008-01-01 07:23:01'),(786,48,'WIFE_EMAIL','Email',NULL,'01','','2008-01-01','2099-12-31',1,'2008-01-01 07:23:01','2008-01-01 07:23:01'),(787,49,'STATUS','Civil Status','MARRIED','01','','2008-01-01','2099-12-31',1,'2008-01-01 07:24:45','2008-01-01 07:24:45'),(788,49,'GENDER','Gender',NULL,'01','','2008-01-01','2099-12-31',1,'2008-01-01 07:24:45','2008-01-01 07:24:45'),(789,49,'BIRTHDAY','Birthday',NULL,'01','','2008-01-01','2099-12-31',1,'2008-01-01 07:24:45','2008-01-01 07:24:45'),(790,49,'ADDRESS_STREET','Address Street','Hasting L10 B22 P2','01','','2008-01-01','2099-12-31',1,'2008-01-01 07:24:45','2008-01-01 07:24:45'),(791,49,'ADDRESS_CITY','Address City','-','01','','2008-01-01','2099-12-31',1,'2008-01-01 07:24:45','2008-01-01 07:24:45'),(792,49,'ADDRESS_PROVINCE','Address City','-','01','','2008-01-01','2099-12-31',1,'2008-01-01 07:24:45','2008-01-01 07:24:45'),(793,49,'CONTACT_MOBILENO','Mobile No.',NULL,'01','','2008-01-01','2099-12-31',1,'2008-01-01 07:24:45','2008-01-01 07:24:45'),(794,49,'CONTACT_TELEPHONENO','Telephone No.',NULL,'01','','2008-01-01','2099-12-31',1,'2008-01-01 07:24:45','2008-01-01 07:24:45'),(795,49,'EMAIL','Email',NULL,'01','','2008-01-01','2099-12-31',1,'2008-01-01 07:24:45','2008-01-01 07:24:45'),(796,49,'YEAR_MOVED','Year moved to Green Ridge',NULL,'01','','2008-01-01','2099-12-31',1,'2008-01-01 07:24:45','2008-01-01 07:24:45'),(797,49,'REPRESENTATIVE','Authorized Representative',NULL,'01','','2008-01-01','2099-12-31',1,'2008-01-01 07:24:45','2008-01-01 07:24:45'),(798,49,'REPRESENTATIVE_RELATIONSHIP','Authorized Representative Relationship.',NULL,'01','','2008-01-01','2099-12-31',1,'2008-01-01 07:24:45','2008-01-01 07:24:45'),(799,49,'REPRESENTATIVE_CONTACTNO','Authorized Representative Contact No.',NULL,'01','','2008-01-01','2099-12-31',1,'2008-01-01 07:24:45','2008-01-01 07:24:45'),(800,49,'WIFE_LNAME','Wife lastname','ALMOETE','01','','2008-01-01','2099-12-31',1,'2008-01-01 07:24:45','2008-01-01 07:24:45'),(801,49,'WIFE_FNAME','Wife firstname','HELEN','01','','2008-01-01','2099-12-31',1,'2008-01-01 07:24:45','2008-01-01 07:24:45'),(802,49,'WIFE_MNAME','Wife middlename',NULL,'01','','2008-01-01','2099-12-31',1,'2008-01-01 07:24:45','2008-01-01 07:24:45'),(803,49,'WIFE_BIRTHDAY','Birthday',NULL,'01','','2008-01-01','2099-12-31',1,'2008-01-01 07:24:45','2008-01-01 07:24:45'),(804,49,'WIFE_CONTACT_MOBILENO','Mobile No.',NULL,'01','','2008-01-01','2099-12-31',1,'2008-01-01 07:24:45','2008-01-01 07:24:45'),(805,49,'WIFE_EMAIL','Email',NULL,'01','','2008-01-01','2099-12-31',1,'2008-01-01 07:24:45','2008-01-01 07:24:45'),(806,50,'STATUS','Civil Status','MARRIED','01','','2008-01-01','2099-12-31',1,'2008-01-01 07:26:18','2008-01-01 07:26:18'),(807,50,'GENDER','Gender',NULL,'01','','2008-01-01','2099-12-31',1,'2008-01-01 07:26:18','2008-01-01 07:26:18'),(808,50,'BIRTHDAY','Birthday',NULL,'01','','2008-01-01','2099-12-31',1,'2008-01-01 07:26:18','2008-01-01 07:26:18'),(809,50,'ADDRESS_STREET','Address Street','Ellerslie L8 B12 P2','01','','2008-01-01','2099-12-31',1,'2008-01-01 07:26:18','2008-01-01 07:26:18'),(810,50,'ADDRESS_CITY','Address City','-','01','','2008-01-01','2099-12-31',1,'2008-01-01 07:26:18','2008-01-01 07:26:18'),(811,50,'ADDRESS_PROVINCE','Address City','-','01','','2008-01-01','2099-12-31',1,'2008-01-01 07:26:18','2008-01-01 07:26:18'),(812,50,'CONTACT_MOBILENO','Mobile No.',NULL,'01','','2008-01-01','2099-12-31',1,'2008-01-01 07:26:18','2008-01-01 07:26:18'),(813,50,'CONTACT_TELEPHONENO','Telephone No.',NULL,'01','','2008-01-01','2099-12-31',1,'2008-01-01 07:26:18','2008-01-01 07:26:18'),(814,50,'EMAIL','Email',NULL,'01','','2008-01-01','2099-12-31',1,'2008-01-01 07:26:18','2008-01-01 07:26:18'),(815,50,'YEAR_MOVED','Year moved to Green Ridge',NULL,'01','','2008-01-01','2099-12-31',1,'2008-01-01 07:26:18','2008-01-01 07:26:18'),(816,50,'REPRESENTATIVE','Authorized Representative',NULL,'01','','2008-01-01','2099-12-31',1,'2008-01-01 07:26:18','2008-01-01 07:26:18'),(817,50,'REPRESENTATIVE_RELATIONSHIP','Authorized Representative Relationship.',NULL,'01','','2008-01-01','2099-12-31',1,'2008-01-01 07:26:18','2008-01-01 07:26:18'),(818,50,'REPRESENTATIVE_CONTACTNO','Authorized Representative Contact No.',NULL,'01','','2008-01-01','2099-12-31',1,'2008-01-01 07:26:18','2008-01-01 07:26:18'),(819,50,'WIFE_LNAME','Wife lastname','ALPAY','01','','2008-01-01','2099-12-31',1,'2008-01-01 07:26:18','2008-01-01 07:26:18'),(820,50,'WIFE_FNAME','Wife firstname','CARMEN','01','','2008-01-01','2099-12-31',1,'2008-01-01 07:26:18','2008-01-01 07:26:18'),(821,50,'WIFE_MNAME','Wife middlename',NULL,'01','','2008-01-01','2099-12-31',1,'2008-01-01 07:26:18','2008-01-01 07:26:18'),(822,50,'WIFE_BIRTHDAY','Birthday',NULL,'01','','2008-01-01','2099-12-31',1,'2008-01-01 07:26:18','2008-01-01 07:26:18'),(823,50,'WIFE_CONTACT_MOBILENO','Mobile No.',NULL,'01','','2008-01-01','2099-12-31',1,'2008-01-01 07:26:18','2008-01-01 07:26:18'),(824,50,'WIFE_EMAIL','Email',NULL,'01','','2008-01-01','2099-12-31',1,'2008-01-01 07:26:18','2008-01-01 07:26:18'),(825,51,'STATUS','Civil Status','MARRIED','01','','2008-01-01','2099-12-31',1,'2008-01-01 07:27:34','2008-01-01 07:27:34'),(826,51,'GENDER','Gender',NULL,'01','','2008-01-01','2099-12-31',1,'2008-01-01 07:27:34','2008-01-01 07:27:34'),(827,51,'BIRTHDAY','Birthday',NULL,'01','','2008-01-01','2099-12-31',1,'2008-01-01 07:27:34','2008-01-01 07:27:34'),(828,51,'ADDRESS_STREET','Address Street','Henderson L7 B18 P1','01','','2008-01-01','2099-12-31',1,'2008-01-01 07:27:34','2008-01-01 07:27:34'),(829,51,'ADDRESS_CITY','Address City','-','01','','2008-01-01','2099-12-31',1,'2008-01-01 07:27:34','2008-01-01 07:27:34'),(830,51,'ADDRESS_PROVINCE','Address City','-','01','','2008-01-01','2099-12-31',1,'2008-01-01 07:27:34','2008-01-01 07:27:34'),(831,51,'CONTACT_MOBILENO','Mobile No.',NULL,'01','','2008-01-01','2099-12-31',1,'2008-01-01 07:27:34','2008-01-01 07:27:34'),(832,51,'CONTACT_TELEPHONENO','Telephone No.',NULL,'01','','2008-01-01','2099-12-31',1,'2008-01-01 07:27:34','2008-01-01 07:27:34'),(833,51,'EMAIL','Email',NULL,'01','','2008-01-01','2099-12-31',1,'2008-01-01 07:27:34','2008-01-01 07:27:34'),(834,51,'YEAR_MOVED','Year moved to Green Ridge',NULL,'01','','2008-01-01','2099-12-31',1,'2008-01-01 07:27:34','2008-01-01 07:27:34'),(835,51,'REPRESENTATIVE','Authorized Representative',NULL,'01','','2008-01-01','2099-12-31',1,'2008-01-01 07:27:34','2008-01-01 07:27:34'),(836,51,'REPRESENTATIVE_RELATIONSHIP','Authorized Representative Relationship.',NULL,'01','','2008-01-01','2099-12-31',1,'2008-01-01 07:27:34','2008-01-01 07:27:34'),(837,51,'REPRESENTATIVE_CONTACTNO','Authorized Representative Contact No.',NULL,'01','','2008-01-01','2099-12-31',1,'2008-01-01 07:27:34','2008-01-01 07:27:34'),(838,51,'WIFE_LNAME','Wife lastname','ALQUILLERA','01','','2008-01-01','2099-12-31',1,'2008-01-01 07:27:34','2008-01-01 07:27:34'),(839,51,'WIFE_FNAME','Wife firstname','GRACHELL','01','','2008-01-01','2099-12-31',1,'2008-01-01 07:27:34','2008-01-01 07:27:34'),(840,51,'WIFE_MNAME','Wife middlename',NULL,'01','','2008-01-01','2099-12-31',1,'2008-01-01 07:27:34','2008-01-01 07:27:34'),(841,51,'WIFE_BIRTHDAY','Birthday',NULL,'01','','2008-01-01','2099-12-31',1,'2008-01-01 07:27:34','2008-01-01 07:27:34'),(842,51,'WIFE_CONTACT_MOBILENO','Mobile No.',NULL,'01','','2008-01-01','2099-12-31',1,'2008-01-01 07:27:34','2008-01-01 07:27:34'),(843,51,'WIFE_EMAIL','Email',NULL,'01','','2008-01-01','2099-12-31',1,'2008-01-01 07:27:34','2008-01-01 07:27:34'),(844,52,'STATUS','Civil Status','MARRIED','01','','2008-01-01','2099-12-31',1,'2008-01-01 07:28:59','2008-01-01 07:28:59'),(845,52,'GENDER','Gender',NULL,'01','','2008-01-01','2099-12-31',1,'2008-01-01 07:28:59','2008-01-01 07:28:59'),(846,52,'BIRTHDAY','Birthday',NULL,'01','','2008-01-01','2099-12-31',1,'2008-01-01 07:28:59','2008-01-01 07:28:59'),(847,52,'ADDRESS_STREET','Address Street','Queenstown L9 B9 P1','01','','2008-01-01','2099-12-31',1,'2008-01-01 07:28:59','2008-01-01 07:28:59'),(848,52,'ADDRESS_CITY','Address City','-','01','','2008-01-01','2099-12-31',1,'2008-01-01 07:28:59','2008-01-01 07:28:59'),(849,52,'ADDRESS_PROVINCE','Address City','-','01','','2008-01-01','2099-12-31',1,'2008-01-01 07:28:59','2008-01-01 07:28:59'),(850,52,'CONTACT_MOBILENO','Mobile No.',NULL,'01','','2008-01-01','2099-12-31',1,'2008-01-01 07:28:59','2008-01-01 07:28:59'),(851,52,'CONTACT_TELEPHONENO','Telephone No.',NULL,'01','','2008-01-01','2099-12-31',1,'2008-01-01 07:28:59','2008-01-01 07:28:59'),(852,52,'EMAIL','Email',NULL,'01','','2008-01-01','2099-12-31',1,'2008-01-01 07:28:59','2008-01-01 07:28:59'),(853,52,'YEAR_MOVED','Year moved to Green Ridge',NULL,'01','','2008-01-01','2099-12-31',1,'2008-01-01 07:28:59','2008-01-01 07:28:59'),(854,52,'REPRESENTATIVE','Authorized Representative',NULL,'01','','2008-01-01','2099-12-31',1,'2008-01-01 07:28:59','2008-01-01 07:28:59'),(855,52,'REPRESENTATIVE_RELATIONSHIP','Authorized Representative Relationship.',NULL,'01','','2008-01-01','2099-12-31',1,'2008-01-01 07:28:59','2008-01-01 07:28:59'),(856,52,'REPRESENTATIVE_CONTACTNO','Authorized Representative Contact No.',NULL,'01','','2008-01-01','2099-12-31',1,'2008-01-01 07:28:59','2008-01-01 07:28:59'),(857,52,'WIFE_LNAME','Wife lastname','ALVAREZ','01','','2008-01-01','2099-12-31',1,'2008-01-01 07:28:59','2008-01-01 07:28:59'),(858,52,'WIFE_FNAME','Wife firstname','AMIE','01','','2008-01-01','2099-12-31',1,'2008-01-01 07:28:59','2008-01-01 07:28:59'),(859,52,'WIFE_MNAME','Wife middlename',NULL,'01','','2008-01-01','2099-12-31',1,'2008-01-01 07:28:59','2008-01-01 07:28:59'),(860,52,'WIFE_BIRTHDAY','Birthday',NULL,'01','','2008-01-01','2099-12-31',1,'2008-01-01 07:28:59','2008-01-01 07:28:59'),(861,52,'WIFE_CONTACT_MOBILENO','Mobile No.',NULL,'01','','2008-01-01','2099-12-31',1,'2008-01-01 07:28:59','2008-01-01 07:28:59'),(862,52,'WIFE_EMAIL','Email',NULL,'01','','2008-01-01','2099-12-31',1,'2008-01-01 07:28:59','2008-01-01 07:28:59'),(863,53,'STATUS','Civil Status','MARRIED','01','','2008-01-01','2099-12-31',1,'2008-01-01 07:31:24','2008-01-01 07:31:24'),(864,53,'GENDER','Gender',NULL,'01','','2008-01-01','2099-12-31',1,'2008-01-01 07:31:24','2008-01-01 07:31:24'),(865,53,'BIRTHDAY','Birthday',NULL,'01','','2008-01-01','2099-12-31',1,'2008-01-01 07:31:24','2008-01-01 07:31:24'),(866,53,'ADDRESS_STREET','Address Street','Petone L8 B11 P1','01','','2008-01-01','2099-12-31',1,'2008-01-01 07:31:24','2008-01-01 07:31:24'),(867,53,'ADDRESS_CITY','Address City','-','01','','2008-01-01','2099-12-31',1,'2008-01-01 07:31:24','2008-01-01 07:31:24'),(868,53,'ADDRESS_PROVINCE','Address City','-','01','','2008-01-01','2099-12-31',1,'2008-01-01 07:31:24','2008-01-01 07:31:24'),(869,53,'CONTACT_MOBILENO','Mobile No.',NULL,'01','','2008-01-01','2099-12-31',1,'2008-01-01 07:31:24','2008-01-01 07:31:24'),(870,53,'CONTACT_TELEPHONENO','Telephone No.',NULL,'01','','2008-01-01','2099-12-31',1,'2008-01-01 07:31:24','2008-01-01 07:31:24'),(871,53,'EMAIL','Email',NULL,'01','','2008-01-01','2099-12-31',1,'2008-01-01 07:31:24','2008-01-01 07:31:24'),(872,53,'YEAR_MOVED','Year moved to Green Ridge',NULL,'01','','2008-01-01','2099-12-31',1,'2008-01-01 07:31:24','2008-01-01 07:31:24'),(873,53,'REPRESENTATIVE','Authorized Representative',NULL,'01','','2008-01-01','2099-12-31',1,'2008-01-01 07:31:24','2008-01-01 07:31:24'),(874,53,'REPRESENTATIVE_RELATIONSHIP','Authorized Representative Relationship.',NULL,'01','','2008-01-01','2099-12-31',1,'2008-01-01 07:31:24','2008-01-01 07:31:24'),(875,53,'REPRESENTATIVE_CONTACTNO','Authorized Representative Contact No.',NULL,'01','','2008-01-01','2099-12-31',1,'2008-01-01 07:31:24','2008-01-01 07:31:24'),(876,53,'WIFE_LNAME','Wife lastname','ANGELES','01','','2008-01-01','2099-12-31',1,'2008-01-01 07:31:24','2008-01-01 07:31:24'),(877,53,'WIFE_FNAME','Wife firstname','MA. CLEMENTINA','01','','2008-01-01','2099-12-31',1,'2008-01-01 07:31:24','2008-01-01 07:31:24'),(878,53,'WIFE_MNAME','Wife middlename',NULL,'01','','2008-01-01','2099-12-31',1,'2008-01-01 07:31:24','2008-01-01 07:31:24'),(879,53,'WIFE_BIRTHDAY','Birthday',NULL,'01','','2008-01-01','2099-12-31',1,'2008-01-01 07:31:24','2008-01-01 07:31:24'),(880,53,'WIFE_CONTACT_MOBILENO','Mobile No.',NULL,'01','','2008-01-01','2099-12-31',1,'2008-01-01 07:31:24','2008-01-01 07:31:24'),(881,53,'WIFE_EMAIL','Email',NULL,'01','','2008-01-01','2099-12-31',1,'2008-01-01 07:31:24','2008-01-01 07:31:24'),(882,54,'STATUS','Civil Status','MARRIED','01','','2017-07-16','2099-12-31',1,'2017-07-16 02:16:26','2017-07-16 02:16:26'),(883,54,'GENDER','Gender',NULL,'01','','2017-07-16','2099-12-31',1,'2017-07-16 02:16:26','2017-07-16 02:16:26'),(884,54,'BIRTHDAY','Birthday',NULL,'01','','2017-07-16','2099-12-31',1,'2017-07-16 02:16:26','2017-07-16 02:16:26'),(885,54,'ADDRESS_STREET','Address Street','Wellington L14 B16 P1','01','','2017-07-16','2099-12-31',1,'2017-07-16 02:16:26','2017-07-16 02:16:26'),(886,54,'ADDRESS_CITY','Address City','-','01','','2017-07-16','2099-12-31',1,'2017-07-16 02:16:26','2017-07-16 02:16:26'),(887,54,'ADDRESS_PROVINCE','Address City','-','01','','2017-07-16','2099-12-31',1,'2017-07-16 02:16:26','2017-07-16 02:16:26'),(888,54,'CONTACT_MOBILENO','Mobile No.',NULL,'01','','2017-07-16','2099-12-31',1,'2017-07-16 02:16:26','2017-07-16 02:16:26'),(889,54,'CONTACT_TELEPHONENO','Telephone No.',NULL,'01','','2017-07-16','2099-12-31',1,'2017-07-16 02:16:26','2017-07-16 02:16:26'),(890,54,'EMAIL','Email',NULL,'01','','2017-07-16','2099-12-31',1,'2017-07-16 02:16:26','2017-07-16 02:16:26'),(891,54,'YEAR_MOVED','Year moved to Green Ridge',NULL,'01','','2017-07-16','2099-12-31',1,'2017-07-16 02:16:26','2017-07-16 02:16:26'),(892,54,'REPRESENTATIVE','Authorized Representative',NULL,'01','','2017-07-16','2099-12-31',1,'2017-07-16 02:16:26','2017-07-16 02:16:26'),(893,54,'REPRESENTATIVE_RELATIONSHIP','Authorized Representative Relationship.',NULL,'01','','2017-07-16','2099-12-31',1,'2017-07-16 02:16:26','2017-07-16 02:16:26'),(894,54,'REPRESENTATIVE_CONTACTNO','Authorized Representative Contact No.',NULL,'01','','2017-07-16','2099-12-31',1,'2017-07-16 02:16:26','2017-07-16 02:16:26'),(895,54,'WIFE_LNAME','Wife lastname','ANGELES','01','','2017-07-16','2099-12-31',1,'2017-07-16 02:16:26','2017-07-16 02:16:26'),(896,54,'WIFE_FNAME','Wife firstname','CORAZON','01','','2017-07-16','2099-12-31',1,'2017-07-16 02:16:26','2017-07-16 02:16:26'),(897,54,'WIFE_MNAME','Wife middlename',NULL,'01','','2017-07-16','2099-12-31',1,'2017-07-16 02:16:26','2017-07-16 02:16:26'),(898,54,'WIFE_BIRTHDAY','Birthday',NULL,'01','','2017-07-16','2099-12-31',1,'2017-07-16 02:16:26','2017-07-16 02:16:26'),(899,54,'WIFE_CONTACT_MOBILENO','Mobile No.',NULL,'01','','2017-07-16','2099-12-31',1,'2017-07-16 02:16:26','2017-07-16 02:16:26'),(900,54,'WIFE_EMAIL','Email',NULL,'01','','2017-07-16','2099-12-31',1,'2017-07-16 02:16:26','2017-07-16 02:16:26'),(901,55,'STATUS','Civil Status','MARRIED','01','','2017-07-16','2099-12-31',1,'2017-07-16 02:18:52','2017-07-16 02:18:52'),(902,55,'GENDER','Gender',NULL,'01','','2017-07-16','2099-12-31',1,'2017-07-16 02:18:52','2017-07-16 02:18:52'),(903,55,'BIRTHDAY','Birthday',NULL,'01','','2017-07-16','2099-12-31',1,'2017-07-16 02:18:52','2017-07-16 02:18:52'),(904,55,'ADDRESS_STREET','Address Street','PineHaven St., P3','01','','2017-07-16','2099-12-31',1,'2017-07-16 02:18:52','2017-07-16 02:18:52'),(905,55,'ADDRESS_CITY','Address City','-','01','','2017-07-16','2099-12-31',1,'2017-07-16 02:18:52','2017-07-16 02:18:52'),(906,55,'ADDRESS_PROVINCE','Address City','-','01','','2017-07-16','2099-12-31',1,'2017-07-16 02:18:52','2017-07-16 02:18:52'),(907,55,'CONTACT_MOBILENO','Mobile No.',NULL,'01','','2017-07-16','2099-12-31',1,'2017-07-16 02:18:52','2017-07-16 02:18:52'),(908,55,'CONTACT_TELEPHONENO','Telephone No.',NULL,'01','','2017-07-16','2099-12-31',1,'2017-07-16 02:18:52','2017-07-16 02:18:52'),(909,55,'EMAIL','Email',NULL,'01','','2017-07-16','2099-12-31',1,'2017-07-16 02:18:52','2017-07-16 02:18:52'),(910,55,'YEAR_MOVED','Year moved to Green Ridge',NULL,'01','','2017-07-16','2099-12-31',1,'2017-07-16 02:18:52','2017-07-16 02:18:52'),(911,55,'REPRESENTATIVE','Authorized Representative',NULL,'01','','2017-07-16','2099-12-31',1,'2017-07-16 02:18:52','2017-07-16 02:18:52'),(912,55,'REPRESENTATIVE_RELATIONSHIP','Authorized Representative Relationship.',NULL,'01','','2017-07-16','2099-12-31',1,'2017-07-16 02:18:52','2017-07-16 02:18:52'),(913,55,'REPRESENTATIVE_CONTACTNO','Authorized Representative Contact No.',NULL,'01','','2017-07-16','2099-12-31',1,'2017-07-16 02:18:52','2017-07-16 02:18:52'),(914,55,'WIFE_LNAME','Wife lastname','APREGILIO','01','','2017-07-16','2099-12-31',1,'2017-07-16 02:18:52','2017-07-16 02:18:52'),(915,55,'WIFE_FNAME','Wife firstname','ROSE','01','','2017-07-16','2099-12-31',1,'2017-07-16 02:18:52','2017-07-16 02:18:52'),(916,55,'WIFE_MNAME','Wife middlename',NULL,'01','','2017-07-16','2099-12-31',1,'2017-07-16 02:18:52','2017-07-16 02:18:52'),(917,55,'WIFE_BIRTHDAY','Birthday',NULL,'01','','2017-07-16','2099-12-31',1,'2017-07-16 02:18:52','2017-07-16 02:18:52'),(918,55,'WIFE_CONTACT_MOBILENO','Mobile No.',NULL,'01','','2017-07-16','2099-12-31',1,'2017-07-16 02:18:52','2017-07-16 02:18:52'),(919,55,'WIFE_EMAIL','Email',NULL,'01','','2017-07-16','2099-12-31',1,'2017-07-16 02:18:52','2017-07-16 02:18:52'),(920,56,'STATUS','Civil Status','MARRIED','01','','2017-07-16','2099-12-31',1,'2017-07-16 02:21:57','2017-07-16 02:21:57'),(921,56,'GENDER','Gender',NULL,'01','','2017-07-16','2099-12-31',1,'2017-07-16 02:21:57','2017-07-16 02:21:57'),(922,56,'BIRTHDAY','Birthday',NULL,'01','','2017-07-16','2099-12-31',1,'2017-07-16 02:21:57','2017-07-16 02:21:57'),(923,56,'ADDRESS_STREET','Address Street','Stratford L1 B22 P1','01','','2017-07-16','2099-12-31',1,'2017-07-16 02:21:57','2017-07-16 02:21:57'),(924,56,'ADDRESS_CITY','Address City','-','01','','2017-07-16','2099-12-31',1,'2017-07-16 02:21:57','2017-07-16 02:21:57'),(925,56,'ADDRESS_PROVINCE','Address City','-','01','','2017-07-16','2099-12-31',1,'2017-07-16 02:21:57','2017-07-16 02:21:57'),(926,56,'CONTACT_MOBILENO','Mobile No.',NULL,'01','','2017-07-16','2099-12-31',1,'2017-07-16 02:21:57','2017-07-16 02:21:57'),(927,56,'CONTACT_TELEPHONENO','Telephone No.',NULL,'01','','2017-07-16','2099-12-31',1,'2017-07-16 02:21:57','2017-07-16 02:21:57'),(928,56,'EMAIL','Email',NULL,'01','','2017-07-16','2099-12-31',1,'2017-07-16 02:21:57','2017-07-16 02:21:57'),(929,56,'YEAR_MOVED','Year moved to Green Ridge',NULL,'01','','2017-07-16','2099-12-31',1,'2017-07-16 02:21:57','2017-07-16 02:21:57'),(930,56,'REPRESENTATIVE','Authorized Representative',NULL,'01','','2017-07-16','2099-12-31',1,'2017-07-16 02:21:57','2017-07-16 02:21:57'),(931,56,'REPRESENTATIVE_RELATIONSHIP','Authorized Representative Relationship.',NULL,'01','','2017-07-16','2099-12-31',1,'2017-07-16 02:21:57','2017-07-16 02:21:57'),(932,56,'REPRESENTATIVE_CONTACTNO','Authorized Representative Contact No.',NULL,'01','','2017-07-16','2099-12-31',1,'2017-07-16 02:21:57','2017-07-16 02:21:57'),(933,56,'WIFE_LNAME','Wife lastname','ARGUELLES','01','','2017-07-16','2099-12-31',1,'2017-07-16 02:21:57','2017-07-16 02:21:57'),(934,56,'WIFE_FNAME','Wife firstname','MIMI','01','','2017-07-16','2099-12-31',1,'2017-07-16 02:21:57','2017-07-16 02:21:57'),(935,56,'WIFE_MNAME','Wife middlename',NULL,'01','','2017-07-16','2099-12-31',1,'2017-07-16 02:21:57','2017-07-16 02:21:57'),(936,56,'WIFE_BIRTHDAY','Birthday',NULL,'01','','2017-07-16','2099-12-31',1,'2017-07-16 02:21:57','2017-07-16 02:21:57'),(937,56,'WIFE_CONTACT_MOBILENO','Mobile No.',NULL,'01','','2017-07-16','2099-12-31',1,'2017-07-16 02:21:57','2017-07-16 02:21:57'),(938,56,'WIFE_EMAIL','Email',NULL,'01','','2017-07-16','2099-12-31',1,'2017-07-16 02:21:57','2017-07-16 02:21:57'),(939,57,'STATUS','Civil Status','MARRIED','01','','2017-07-16','2099-12-31',1,'2017-07-16 02:23:00','2017-07-16 02:23:00'),(940,57,'GENDER','Gender',NULL,'01','','2017-07-16','2099-12-31',1,'2017-07-16 02:23:00','2017-07-16 02:23:00'),(941,57,'BIRTHDAY','Birthday',NULL,'01','','2017-07-16','2099-12-31',1,'2017-07-16 02:23:00','2017-07-16 02:23:00'),(942,57,'ADDRESS_STREET','Address Street','Coromandel L27 B28 P4','01','','2017-07-16','2099-12-31',1,'2017-07-16 02:23:00','2017-07-16 02:23:00'),(943,57,'ADDRESS_CITY','Address City','-','01','','2017-07-16','2099-12-31',1,'2017-07-16 02:23:00','2017-07-16 02:23:00'),(944,57,'ADDRESS_PROVINCE','Address City','-','01','','2017-07-16','2099-12-31',1,'2017-07-16 02:23:00','2017-07-16 02:23:00'),(945,57,'CONTACT_MOBILENO','Mobile No.',NULL,'01','','2017-07-16','2099-12-31',1,'2017-07-16 02:23:00','2017-07-16 02:23:00'),(946,57,'CONTACT_TELEPHONENO','Telephone No.',NULL,'01','','2017-07-16','2099-12-31',1,'2017-07-16 02:23:00','2017-07-16 02:23:00'),(947,57,'EMAIL','Email',NULL,'01','','2017-07-16','2099-12-31',1,'2017-07-16 02:23:00','2017-07-16 02:23:00'),(948,57,'YEAR_MOVED','Year moved to Green Ridge',NULL,'01','','2017-07-16','2099-12-31',1,'2017-07-16 02:23:00','2017-07-16 02:23:00'),(949,57,'REPRESENTATIVE','Authorized Representative',NULL,'01','','2017-07-16','2099-12-31',1,'2017-07-16 02:23:00','2017-07-16 02:23:00'),(950,57,'REPRESENTATIVE_RELATIONSHIP','Authorized Representative Relationship.',NULL,'01','','2017-07-16','2099-12-31',1,'2017-07-16 02:23:00','2017-07-16 02:23:00'),(951,57,'REPRESENTATIVE_CONTACTNO','Authorized Representative Contact No.',NULL,'01','','2017-07-16','2099-12-31',1,'2017-07-16 02:23:00','2017-07-16 02:23:00'),(952,57,'WIFE_LNAME','Wife lastname','ARRIOLA','01','','2017-07-16','2099-12-31',1,'2017-07-16 02:23:00','2017-07-16 02:23:00'),(953,57,'WIFE_FNAME','Wife firstname','MA. CRISTINA','01','','2017-07-16','2099-12-31',1,'2017-07-16 02:23:00','2017-07-16 02:23:00'),(954,57,'WIFE_MNAME','Wife middlename',NULL,'01','','2017-07-16','2099-12-31',1,'2017-07-16 02:23:00','2017-07-16 02:23:00'),(955,57,'WIFE_BIRTHDAY','Birthday',NULL,'01','','2017-07-16','2099-12-31',1,'2017-07-16 02:23:00','2017-07-16 02:23:00'),(956,57,'WIFE_CONTACT_MOBILENO','Mobile No.',NULL,'01','','2017-07-16','2099-12-31',1,'2017-07-16 02:23:00','2017-07-16 02:23:00'),(957,57,'WIFE_EMAIL','Email',NULL,'01','','2017-07-16','2099-12-31',1,'2017-07-16 02:23:00','2017-07-16 02:23:00'),(958,58,'STATUS','Civil Status','MARRIED','01','','2017-07-16','2099-12-31',1,'2017-07-16 02:25:47','2017-07-16 02:25:47'),(959,58,'GENDER','Gender',NULL,'01','','2017-07-16','2099-12-31',1,'2017-07-16 02:25:47','2017-07-16 02:25:47'),(960,58,'BIRTHDAY','Birthday',NULL,'01','','2017-07-16','2099-12-31',1,'2017-07-16 02:25:47','2017-07-16 02:25:47'),(961,58,'ADDRESS_STREET','Address Street','Wellington L8 B16 P1','01','','2017-07-16','2099-12-31',1,'2017-07-16 02:25:47','2017-07-16 02:25:47'),(962,58,'ADDRESS_CITY','Address City','-','01','','2017-07-16','2099-12-31',1,'2017-07-16 02:25:47','2017-07-16 02:25:47'),(963,58,'ADDRESS_PROVINCE','Address City','-','01','','2017-07-16','2099-12-31',1,'2017-07-16 02:25:47','2017-07-16 02:25:47'),(964,58,'CONTACT_MOBILENO','Mobile No.',NULL,'01','','2017-07-16','2099-12-31',1,'2017-07-16 02:25:47','2017-07-16 02:25:47'),(965,58,'CONTACT_TELEPHONENO','Telephone No.',NULL,'01','','2017-07-16','2099-12-31',1,'2017-07-16 02:25:47','2017-07-16 02:25:47'),(966,58,'EMAIL','Email',NULL,'01','','2017-07-16','2099-12-31',1,'2017-07-16 02:25:47','2017-07-16 02:25:47'),(967,58,'YEAR_MOVED','Year moved to Green Ridge',NULL,'01','','2017-07-16','2099-12-31',1,'2017-07-16 02:25:47','2017-07-16 02:25:47'),(968,58,'REPRESENTATIVE','Authorized Representative',NULL,'01','','2017-07-16','2099-12-31',1,'2017-07-16 02:25:47','2017-07-16 02:25:47'),(969,58,'REPRESENTATIVE_RELATIONSHIP','Authorized Representative Relationship.',NULL,'01','','2017-07-16','2099-12-31',1,'2017-07-16 02:25:47','2017-07-16 02:25:47'),(970,58,'REPRESENTATIVE_CONTACTNO','Authorized Representative Contact No.',NULL,'01','','2017-07-16','2099-12-31',1,'2017-07-16 02:25:47','2017-07-16 02:25:47'),(971,58,'WIFE_LNAME','Wife lastname','BACHO','01','','2017-07-16','2099-12-31',1,'2017-07-16 02:25:47','2017-07-16 02:25:47'),(972,58,'WIFE_FNAME','Wife firstname','BEVERLY','01','','2017-07-16','2099-12-31',1,'2017-07-16 02:25:47','2017-07-16 02:25:47'),(973,58,'WIFE_MNAME','Wife middlename',NULL,'01','','2017-07-16','2099-12-31',1,'2017-07-16 02:25:47','2017-07-16 02:25:47'),(974,58,'WIFE_BIRTHDAY','Birthday',NULL,'01','','2017-07-16','2099-12-31',1,'2017-07-16 02:25:47','2017-07-16 02:25:47'),(975,58,'WIFE_CONTACT_MOBILENO','Mobile No.',NULL,'01','','2017-07-16','2099-12-31',1,'2017-07-16 02:25:47','2017-07-16 02:25:47'),(976,58,'WIFE_EMAIL','Email',NULL,'01','','2017-07-16','2099-12-31',1,'2017-07-16 02:25:47','2017-07-16 02:25:47'),(977,59,'STATUS','Civil Status','MARRIED','01','','2017-07-16','2099-12-31',1,'2017-07-16 02:27:34','2017-07-16 02:27:34'),(978,59,'GENDER','Gender',NULL,'01','','2017-07-16','2099-12-31',1,'2017-07-16 02:27:34','2017-07-16 02:27:34'),(979,59,'BIRTHDAY','Birthday',NULL,'01','','2017-07-16','2099-12-31',1,'2017-07-16 02:27:34','2017-07-16 02:27:34'),(980,59,'ADDRESS_STREET','Address Street','West Port L29 B43 P2','01','','2017-07-16','2099-12-31',1,'2017-07-16 02:27:34','2017-07-16 02:27:34'),(981,59,'ADDRESS_CITY','Address City','-','01','','2017-07-16','2099-12-31',1,'2017-07-16 02:27:34','2017-07-16 02:27:34'),(982,59,'ADDRESS_PROVINCE','Address City','-','01','','2017-07-16','2099-12-31',1,'2017-07-16 02:27:34','2017-07-16 02:27:34'),(983,59,'CONTACT_MOBILENO','Mobile No.',NULL,'01','','2017-07-16','2099-12-31',1,'2017-07-16 02:27:34','2017-07-16 02:27:34'),(984,59,'CONTACT_TELEPHONENO','Telephone No.',NULL,'01','','2017-07-16','2099-12-31',1,'2017-07-16 02:27:34','2017-07-16 02:27:34'),(985,59,'EMAIL','Email',NULL,'01','','2017-07-16','2099-12-31',1,'2017-07-16 02:27:34','2017-07-16 02:27:34'),(986,59,'YEAR_MOVED','Year moved to Green Ridge',NULL,'01','','2017-07-16','2099-12-31',1,'2017-07-16 02:27:34','2017-07-16 02:27:34'),(987,59,'REPRESENTATIVE','Authorized Representative',NULL,'01','','2017-07-16','2099-12-31',1,'2017-07-16 02:27:34','2017-07-16 02:27:34'),(988,59,'REPRESENTATIVE_RELATIONSHIP','Authorized Representative Relationship.',NULL,'01','','2017-07-16','2099-12-31',1,'2017-07-16 02:27:34','2017-07-16 02:27:34'),(989,59,'REPRESENTATIVE_CONTACTNO','Authorized Representative Contact No.',NULL,'01','','2017-07-16','2099-12-31',1,'2017-07-16 02:27:34','2017-07-16 02:27:34'),(990,59,'WIFE_LNAME','Wife lastname','BACULI','01','','2017-07-16','2099-12-31',1,'2017-07-16 02:27:34','2017-07-16 02:27:34'),(991,59,'WIFE_FNAME','Wife firstname','ARCHELLE','01','','2017-07-16','2099-12-31',1,'2017-07-16 02:27:34','2017-07-16 02:27:34'),(992,59,'WIFE_MNAME','Wife middlename',NULL,'01','','2017-07-16','2099-12-31',1,'2017-07-16 02:27:34','2017-07-16 02:27:34'),(993,59,'WIFE_BIRTHDAY','Birthday',NULL,'01','','2017-07-16','2099-12-31',1,'2017-07-16 02:27:34','2017-07-16 02:27:34'),(994,59,'WIFE_CONTACT_MOBILENO','Mobile No.',NULL,'01','','2017-07-16','2099-12-31',1,'2017-07-16 02:27:34','2017-07-16 02:27:34'),(995,59,'WIFE_EMAIL','Email',NULL,'01','','2017-07-16','2099-12-31',1,'2017-07-16 02:27:34','2017-07-16 02:27:34'),(996,60,'STATUS','Civil Status','MARRIED','01','','2017-07-16','2099-12-31',1,'2017-07-16 02:28:45','2017-07-16 02:28:45'),(997,60,'GENDER','Gender',NULL,'01','','2017-07-16','2099-12-31',1,'2017-07-16 02:28:45','2017-07-16 02:28:45'),(998,60,'BIRTHDAY','Birthday',NULL,'01','','2017-07-16','2099-12-31',1,'2017-07-16 02:28:45','2017-07-16 02:28:45'),(999,60,'ADDRESS_STREET','Address Street','Cavendish L67 B33 P4','01','','2017-07-16','2099-12-31',1,'2017-07-16 02:28:45','2017-07-16 02:28:45'),(1000,60,'ADDRESS_CITY','Address City','-','01','','2017-07-16','2099-12-31',1,'2017-07-16 02:28:45','2017-07-16 02:28:45'),(1001,60,'ADDRESS_PROVINCE','Address City','-','01','','2017-07-16','2099-12-31',1,'2017-07-16 02:28:45','2017-07-16 02:28:45'),(1002,60,'CONTACT_MOBILENO','Mobile No.',NULL,'01','','2017-07-16','2099-12-31',1,'2017-07-16 02:28:45','2017-07-16 02:28:45'),(1003,60,'CONTACT_TELEPHONENO','Telephone No.',NULL,'01','','2017-07-16','2099-12-31',1,'2017-07-16 02:28:45','2017-07-16 02:28:45'),(1004,60,'EMAIL','Email',NULL,'01','','2017-07-16','2099-12-31',1,'2017-07-16 02:28:45','2017-07-16 02:28:45'),(1005,60,'YEAR_MOVED','Year moved to Green Ridge',NULL,'01','','2017-07-16','2099-12-31',1,'2017-07-16 02:28:45','2017-07-16 02:28:45'),(1006,60,'REPRESENTATIVE','Authorized Representative',NULL,'01','','2017-07-16','2099-12-31',1,'2017-07-16 02:28:45','2017-07-16 02:28:45'),(1007,60,'REPRESENTATIVE_RELATIONSHIP','Authorized Representative Relationship.',NULL,'01','','2017-07-16','2099-12-31',1,'2017-07-16 02:28:45','2017-07-16 02:28:45'),(1008,60,'REPRESENTATIVE_CONTACTNO','Authorized Representative Contact No.',NULL,'01','','2017-07-16','2099-12-31',1,'2017-07-16 02:28:45','2017-07-16 02:28:45'),(1009,60,'WIFE_LNAME','Wife lastname','BADANA','01','','2017-07-16','2099-12-31',1,'2017-07-16 02:28:45','2017-07-16 02:28:45'),(1010,60,'WIFE_FNAME','Wife firstname','MA. CYNTHIA','01','','2017-07-16','2099-12-31',1,'2017-07-16 02:28:45','2017-07-16 02:28:45'),(1011,60,'WIFE_MNAME','Wife middlename',NULL,'01','','2017-07-16','2099-12-31',1,'2017-07-16 02:28:45','2017-07-16 02:28:45'),(1012,60,'WIFE_BIRTHDAY','Birthday',NULL,'01','','2017-07-16','2099-12-31',1,'2017-07-16 02:28:45','2017-07-16 02:28:45'),(1013,60,'WIFE_CONTACT_MOBILENO','Mobile No.',NULL,'01','','2017-07-16','2099-12-31',1,'2017-07-16 02:28:45','2017-07-16 02:28:45'),(1014,60,'WIFE_EMAIL','Email',NULL,'01','','2017-07-16','2099-12-31',1,'2017-07-16 02:28:45','2017-07-16 02:28:45'),(1015,61,'STATUS','Civil Status','MARRIED','01','','2017-07-16','2099-12-31',1,'2017-07-16 02:30:49','2017-07-16 02:30:49'),(1016,61,'GENDER','Gender',NULL,'01','','2017-07-16','2099-12-31',1,'2017-07-16 02:30:49','2017-07-16 02:30:49'),(1017,61,'BIRTHDAY','Birthday',NULL,'01','','2017-07-16','2099-12-31',1,'2017-07-16 02:30:49','2017-07-16 02:30:49'),(1018,61,'ADDRESS_STREET','Address Street','Berwyn L32 B3 P4','01','','2017-07-16','2099-12-31',1,'2017-07-16 02:30:49','2017-07-16 02:30:49'),(1019,61,'ADDRESS_CITY','Address City','-','01','','2017-07-16','2099-12-31',1,'2017-07-16 02:30:49','2017-07-16 02:30:49'),(1020,61,'ADDRESS_PROVINCE','Address City','-','01','','2017-07-16','2099-12-31',1,'2017-07-16 02:30:49','2017-07-16 02:30:49'),(1021,61,'CONTACT_MOBILENO','Mobile No.',NULL,'01','','2017-07-16','2099-12-31',1,'2017-07-16 02:30:49','2017-07-16 02:30:49'),(1022,61,'CONTACT_TELEPHONENO','Telephone No.',NULL,'01','','2017-07-16','2099-12-31',1,'2017-07-16 02:30:49','2017-07-16 02:30:49'),(1023,61,'EMAIL','Email',NULL,'01','','2017-07-16','2099-12-31',1,'2017-07-16 02:30:49','2017-07-16 02:30:49'),(1024,61,'YEAR_MOVED','Year moved to Green Ridge',NULL,'01','','2017-07-16','2099-12-31',1,'2017-07-16 02:30:49','2017-07-16 02:30:49'),(1025,61,'REPRESENTATIVE','Authorized Representative',NULL,'01','','2017-07-16','2099-12-31',1,'2017-07-16 02:30:49','2017-07-16 02:30:49'),(1026,61,'REPRESENTATIVE_RELATIONSHIP','Authorized Representative Relationship.',NULL,'01','','2017-07-16','2099-12-31',1,'2017-07-16 02:30:49','2017-07-16 02:30:49'),(1027,61,'REPRESENTATIVE_CONTACTNO','Authorized Representative Contact No.',NULL,'01','','2017-07-16','2099-12-31',1,'2017-07-16 02:30:49','2017-07-16 02:30:49'),(1028,61,'WIFE_LNAME','Wife lastname','BAJITA','01','','2017-07-16','2099-12-31',1,'2017-07-16 02:30:49','2017-07-16 02:30:49'),(1029,61,'WIFE_FNAME','Wife firstname','SUSAN','01','','2017-07-16','2099-12-31',1,'2017-07-16 02:30:49','2017-07-16 02:30:49'),(1030,61,'WIFE_MNAME','Wife middlename',NULL,'01','','2017-07-16','2099-12-31',1,'2017-07-16 02:30:49','2017-07-16 02:30:49'),(1031,61,'WIFE_BIRTHDAY','Birthday',NULL,'01','','2017-07-16','2099-12-31',1,'2017-07-16 02:30:49','2017-07-16 02:30:49'),(1032,61,'WIFE_CONTACT_MOBILENO','Mobile No.',NULL,'01','','2017-07-16','2099-12-31',1,'2017-07-16 02:30:49','2017-07-16 02:30:49'),(1033,61,'WIFE_EMAIL','Email',NULL,'01','','2017-07-16','2099-12-31',1,'2017-07-16 02:30:49','2017-07-16 02:30:49'),(1034,62,'STATUS','Civil Status','MARRIED','01','','2017-07-16','2099-12-31',1,'2017-07-16 02:32:37','2017-07-16 02:32:37'),(1035,62,'GENDER','Gender',NULL,'01','','2017-07-16','2099-12-31',1,'2017-07-16 02:32:37','2017-07-16 02:32:37'),(1036,62,'BIRTHDAY','Birthday',NULL,'01','','2017-07-16','2099-12-31',1,'2017-07-16 02:32:37','2017-07-16 02:32:37'),(1037,62,'ADDRESS_STREET','Address Street','Ashburton L21 B21 P2','01','','2017-07-16','2099-12-31',1,'2017-07-16 02:32:37','2017-07-16 02:32:37'),(1038,62,'ADDRESS_CITY','Address City','-','01','','2017-07-16','2099-12-31',1,'2017-07-16 02:32:37','2017-07-16 02:32:37'),(1039,62,'ADDRESS_PROVINCE','Address City','-','01','','2017-07-16','2099-12-31',1,'2017-07-16 02:32:37','2017-07-16 02:32:37'),(1040,62,'CONTACT_MOBILENO','Mobile No.',NULL,'01','','2017-07-16','2099-12-31',1,'2017-07-16 02:32:37','2017-07-16 02:32:37'),(1041,62,'CONTACT_TELEPHONENO','Telephone No.',NULL,'01','','2017-07-16','2099-12-31',1,'2017-07-16 02:32:37','2017-07-16 02:32:37'),(1042,62,'EMAIL','Email',NULL,'01','','2017-07-16','2099-12-31',1,'2017-07-16 02:32:37','2017-07-16 02:32:37'),(1043,62,'YEAR_MOVED','Year moved to Green Ridge',NULL,'01','','2017-07-16','2099-12-31',1,'2017-07-16 02:32:37','2017-07-16 02:32:37'),(1044,62,'REPRESENTATIVE','Authorized Representative',NULL,'01','','2017-07-16','2099-12-31',1,'2017-07-16 02:32:37','2017-07-16 02:32:37'),(1045,62,'REPRESENTATIVE_RELATIONSHIP','Authorized Representative Relationship.',NULL,'01','','2017-07-16','2099-12-31',1,'2017-07-16 02:32:37','2017-07-16 02:32:37'),(1046,62,'REPRESENTATIVE_CONTACTNO','Authorized Representative Contact No.',NULL,'01','','2017-07-16','2099-12-31',1,'2017-07-16 02:32:37','2017-07-16 02:32:37'),(1047,62,'WIFE_LNAME','Wife lastname','BALDOMAR','01','','2017-07-16','2099-12-31',1,'2017-07-16 02:32:37','2017-07-16 02:32:37'),(1048,62,'WIFE_FNAME','Wife firstname','PRECY','01','','2017-07-16','2099-12-31',1,'2017-07-16 02:32:37','2017-07-16 02:32:37'),(1049,62,'WIFE_MNAME','Wife middlename',NULL,'01','','2017-07-16','2099-12-31',1,'2017-07-16 02:32:37','2017-07-16 02:32:37'),(1050,62,'WIFE_BIRTHDAY','Birthday',NULL,'01','','2017-07-16','2099-12-31',1,'2017-07-16 02:32:37','2017-07-16 02:32:37'),(1051,62,'WIFE_CONTACT_MOBILENO','Mobile No.',NULL,'01','','2017-07-16','2099-12-31',1,'2017-07-16 02:32:37','2017-07-16 02:32:37'),(1052,62,'WIFE_EMAIL','Email',NULL,'01','','2017-07-16','2099-12-31',1,'2017-07-16 02:32:37','2017-07-16 02:32:37'),(1053,63,'STATUS','Civil Status','MARRIED','01','','2017-07-16','2099-12-31',1,'2017-07-16 02:33:43','2017-07-16 02:33:43'),(1054,63,'GENDER','Gender',NULL,'01','','2017-07-16','2099-12-31',1,'2017-07-16 02:33:43','2017-07-16 02:33:43'),(1055,63,'BIRTHDAY','Birthday',NULL,'01','','2017-07-16','2099-12-31',1,'2017-07-16 02:33:43','2017-07-16 02:33:43'),(1056,63,'ADDRESS_STREET','Address Street','Greytown L3 B13 P2','01','','2017-07-16','2099-12-31',1,'2017-07-16 02:33:43','2017-07-16 02:33:43'),(1057,63,'ADDRESS_CITY','Address City','-','01','','2017-07-16','2099-12-31',1,'2017-07-16 02:33:43','2017-07-16 02:33:43'),(1058,63,'ADDRESS_PROVINCE','Address City','-','01','','2017-07-16','2099-12-31',1,'2017-07-16 02:33:43','2017-07-16 02:33:43'),(1059,63,'CONTACT_MOBILENO','Mobile No.',NULL,'01','','2017-07-16','2099-12-31',1,'2017-07-16 02:33:43','2017-07-16 02:33:43'),(1060,63,'CONTACT_TELEPHONENO','Telephone No.',NULL,'01','','2017-07-16','2099-12-31',1,'2017-07-16 02:33:43','2017-07-16 02:33:43'),(1061,63,'EMAIL','Email',NULL,'01','','2017-07-16','2099-12-31',1,'2017-07-16 02:33:43','2017-07-16 02:33:43'),(1062,63,'YEAR_MOVED','Year moved to Green Ridge',NULL,'01','','2017-07-16','2099-12-31',1,'2017-07-16 02:33:43','2017-07-16 02:33:43'),(1063,63,'REPRESENTATIVE','Authorized Representative',NULL,'01','','2017-07-16','2099-12-31',1,'2017-07-16 02:33:43','2017-07-16 02:33:43'),(1064,63,'REPRESENTATIVE_RELATIONSHIP','Authorized Representative Relationship.',NULL,'01','','2017-07-16','2099-12-31',1,'2017-07-16 02:33:43','2017-07-16 02:33:43'),(1065,63,'REPRESENTATIVE_CONTACTNO','Authorized Representative Contact No.',NULL,'01','','2017-07-16','2099-12-31',1,'2017-07-16 02:33:43','2017-07-16 02:33:43'),(1066,63,'WIFE_LNAME','Wife lastname','BALMEO','01','','2017-07-16','2099-12-31',1,'2017-07-16 02:33:43','2017-07-16 02:33:43'),(1067,63,'WIFE_FNAME','Wife firstname','JUVY','01','','2017-07-16','2099-12-31',1,'2017-07-16 02:33:43','2017-07-16 02:33:43'),(1068,63,'WIFE_MNAME','Wife middlename',NULL,'01','','2017-07-16','2099-12-31',1,'2017-07-16 02:33:43','2017-07-16 02:33:43'),(1069,63,'WIFE_BIRTHDAY','Birthday',NULL,'01','','2017-07-16','2099-12-31',1,'2017-07-16 02:33:43','2017-07-16 02:33:43'),(1070,63,'WIFE_CONTACT_MOBILENO','Mobile No.',NULL,'01','','2017-07-16','2099-12-31',1,'2017-07-16 02:33:43','2017-07-16 02:33:43'),(1071,63,'WIFE_EMAIL','Email',NULL,'01','','2017-07-16','2099-12-31',1,'2017-07-16 02:33:43','2017-07-16 02:33:43'),(1072,64,'STATUS','Civil Status','MARRIED','01','','2017-07-16','2099-12-31',1,'2017-07-16 02:36:07','2017-07-16 02:36:07'),(1073,64,'GENDER','Gender',NULL,'01','','2017-07-16','2099-12-31',1,'2017-07-16 02:36:07','2017-07-16 02:36:07'),(1074,64,'BIRTHDAY','Birthday',NULL,'01','','2017-07-16','2099-12-31',1,'2017-07-16 02:36:07','2017-07-16 02:36:07'),(1075,64,'ADDRESS_STREET','Address Street','Moerewa St. L4 B8 P1','01','','2017-07-16','2099-12-31',1,'2017-07-16 02:36:07','2017-07-16 02:36:07'),(1076,64,'ADDRESS_CITY','Address City','-','01','','2017-07-16','2099-12-31',1,'2017-07-16 02:36:07','2017-07-16 02:36:07'),(1077,64,'ADDRESS_PROVINCE','Address City','-','01','','2017-07-16','2099-12-31',1,'2017-07-16 02:36:07','2017-07-16 02:36:07'),(1078,64,'CONTACT_MOBILENO','Mobile No.',NULL,'01','','2017-07-16','2099-12-31',1,'2017-07-16 02:36:07','2017-07-16 02:36:07'),(1079,64,'CONTACT_TELEPHONENO','Telephone No.',NULL,'01','','2017-07-16','2099-12-31',1,'2017-07-16 02:36:07','2017-07-16 02:36:07'),(1080,64,'EMAIL','Email',NULL,'01','','2017-07-16','2099-12-31',1,'2017-07-16 02:36:07','2017-07-16 02:36:07'),(1081,64,'YEAR_MOVED','Year moved to Green Ridge',NULL,'01','','2017-07-16','2099-12-31',1,'2017-07-16 02:36:07','2017-07-16 02:36:07'),(1082,64,'REPRESENTATIVE','Authorized Representative',NULL,'01','','2017-07-16','2099-12-31',1,'2017-07-16 02:36:07','2017-07-16 02:36:07'),(1083,64,'REPRESENTATIVE_RELATIONSHIP','Authorized Representative Relationship.',NULL,'01','','2017-07-16','2099-12-31',1,'2017-07-16 02:36:07','2017-07-16 02:36:07'),(1084,64,'REPRESENTATIVE_CONTACTNO','Authorized Representative Contact No.',NULL,'01','','2017-07-16','2099-12-31',1,'2017-07-16 02:36:07','2017-07-16 02:36:07'),(1085,64,'WIFE_LNAME','Wife lastname','BARRAMEDA','01','','2017-07-16','2099-12-31',1,'2017-07-16 02:36:07','2017-07-16 02:36:07'),(1086,64,'WIFE_FNAME','Wife firstname','KARLA MICHELLE','01','','2017-07-16','2099-12-31',1,'2017-07-16 02:36:07','2017-07-16 02:36:07'),(1087,64,'WIFE_MNAME','Wife middlename',NULL,'01','','2017-07-16','2099-12-31',1,'2017-07-16 02:36:07','2017-07-16 02:36:07'),(1088,64,'WIFE_BIRTHDAY','Birthday',NULL,'01','','2017-07-16','2099-12-31',1,'2017-07-16 02:36:07','2017-07-16 02:36:07'),(1089,64,'WIFE_CONTACT_MOBILENO','Mobile No.',NULL,'01','','2017-07-16','2099-12-31',1,'2017-07-16 02:36:07','2017-07-16 02:36:07'),(1090,64,'WIFE_EMAIL','Email',NULL,'01','','2017-07-16','2099-12-31',1,'2017-07-16 02:36:07','2017-07-16 02:36:07'),(1091,65,'STATUS','Civil Status','MARRIED','01','','2017-07-16','2099-12-31',1,'2017-07-16 02:37:15','2017-07-16 02:37:15'),(1092,65,'GENDER','Gender',NULL,'01','','2017-07-16','2099-12-31',1,'2017-07-16 02:37:15','2017-07-16 02:37:15'),(1093,65,'BIRTHDAY','Birthday',NULL,'01','','2017-07-16','2099-12-31',1,'2017-07-16 02:37:15','2017-07-16 02:37:15'),(1094,65,'ADDRESS_STREET','Address Street','Wellington L13 B17 P1','01','','2017-07-16','2099-12-31',1,'2017-07-16 02:37:15','2017-07-16 02:37:15'),(1095,65,'ADDRESS_CITY','Address City','-','01','','2017-07-16','2099-12-31',1,'2017-07-16 02:37:15','2017-07-16 02:37:15'),(1096,65,'ADDRESS_PROVINCE','Address City','-','01','','2017-07-16','2099-12-31',1,'2017-07-16 02:37:15','2017-07-16 02:37:15'),(1097,65,'CONTACT_MOBILENO','Mobile No.',NULL,'01','','2017-07-16','2099-12-31',1,'2017-07-16 02:37:15','2017-07-16 02:37:15'),(1098,65,'CONTACT_TELEPHONENO','Telephone No.',NULL,'01','','2017-07-16','2099-12-31',1,'2017-07-16 02:37:15','2017-07-16 02:37:15'),(1099,65,'EMAIL','Email',NULL,'01','','2017-07-16','2099-12-31',1,'2017-07-16 02:37:15','2017-07-16 02:37:15'),(1100,65,'YEAR_MOVED','Year moved to Green Ridge',NULL,'01','','2017-07-16','2099-12-31',1,'2017-07-16 02:37:15','2017-07-16 02:37:15'),(1101,65,'REPRESENTATIVE','Authorized Representative',NULL,'01','','2017-07-16','2099-12-31',1,'2017-07-16 02:37:15','2017-07-16 02:37:15'),(1102,65,'REPRESENTATIVE_RELATIONSHIP','Authorized Representative Relationship.',NULL,'01','','2017-07-16','2099-12-31',1,'2017-07-16 02:37:15','2017-07-16 02:37:15'),(1103,65,'REPRESENTATIVE_CONTACTNO','Authorized Representative Contact No.',NULL,'01','','2017-07-16','2099-12-31',1,'2017-07-16 02:37:15','2017-07-16 02:37:15'),(1104,65,'WIFE_LNAME','Wife lastname','BATONGHINOG','01','','2017-07-16','2099-12-31',1,'2017-07-16 02:37:15','2017-07-16 02:37:15'),(1105,65,'WIFE_FNAME','Wife firstname','BESSIE','01','','2017-07-16','2099-12-31',1,'2017-07-16 02:37:15','2017-07-16 02:37:15'),(1106,65,'WIFE_MNAME','Wife middlename',NULL,'01','','2017-07-16','2099-12-31',1,'2017-07-16 02:37:15','2017-07-16 02:37:15'),(1107,65,'WIFE_BIRTHDAY','Birthday',NULL,'01','','2017-07-16','2099-12-31',1,'2017-07-16 02:37:15','2017-07-16 02:37:15'),(1108,65,'WIFE_CONTACT_MOBILENO','Mobile No.',NULL,'01','','2017-07-16','2099-12-31',1,'2017-07-16 02:37:15','2017-07-16 02:37:15'),(1109,65,'WIFE_EMAIL','Email',NULL,'01','','2017-07-16','2099-12-31',1,'2017-07-16 02:37:15','2017-07-16 02:37:15'),(1110,66,'STATUS','Civil Status','MARRIED','01','','2017-07-16','2099-12-31',1,'2017-07-16 02:38:12','2017-07-16 02:38:12'),(1111,66,'GENDER','Gender',NULL,'01','','2017-07-16','2099-12-31',1,'2017-07-16 02:38:12','2017-07-16 02:38:12'),(1112,66,'BIRTHDAY','Birthday',NULL,'01','','2017-07-16','2099-12-31',1,'2017-07-16 02:38:12','2017-07-16 02:38:12'),(1113,66,'ADDRESS_STREET','Address Street','Alpen L34 B1 P4','01','','2017-07-16','2099-12-31',1,'2017-07-16 02:38:12','2017-07-16 02:38:12'),(1114,66,'ADDRESS_CITY','Address City','-','01','','2017-07-16','2099-12-31',1,'2017-07-16 02:38:12','2017-07-16 02:38:12'),(1115,66,'ADDRESS_PROVINCE','Address City','-','01','','2017-07-16','2099-12-31',1,'2017-07-16 02:38:12','2017-07-16 02:38:12'),(1116,66,'CONTACT_MOBILENO','Mobile No.',NULL,'01','','2017-07-16','2099-12-31',1,'2017-07-16 02:38:12','2017-07-16 02:38:12'),(1117,66,'CONTACT_TELEPHONENO','Telephone No.',NULL,'01','','2017-07-16','2099-12-31',1,'2017-07-16 02:38:12','2017-07-16 02:38:12'),(1118,66,'EMAIL','Email',NULL,'01','','2017-07-16','2099-12-31',1,'2017-07-16 02:38:12','2017-07-16 02:38:12'),(1119,66,'YEAR_MOVED','Year moved to Green Ridge',NULL,'01','','2017-07-16','2099-12-31',1,'2017-07-16 02:38:12','2017-07-16 02:38:12'),(1120,66,'REPRESENTATIVE','Authorized Representative',NULL,'01','','2017-07-16','2099-12-31',1,'2017-07-16 02:38:12','2017-07-16 02:38:12'),(1121,66,'REPRESENTATIVE_RELATIONSHIP','Authorized Representative Relationship.',NULL,'01','','2017-07-16','2099-12-31',1,'2017-07-16 02:38:12','2017-07-16 02:38:12'),(1122,66,'REPRESENTATIVE_CONTACTNO','Authorized Representative Contact No.',NULL,'01','','2017-07-16','2099-12-31',1,'2017-07-16 02:38:12','2017-07-16 02:38:12'),(1123,66,'WIFE_LNAME','Wife lastname','BAUTISTA','01','','2017-07-16','2099-12-31',1,'2017-07-16 02:38:12','2017-07-16 02:38:12'),(1124,66,'WIFE_FNAME','Wife firstname','SALVE','01','','2017-07-16','2099-12-31',1,'2017-07-16 02:38:12','2017-07-16 02:38:12'),(1125,66,'WIFE_MNAME','Wife middlename',NULL,'01','','2017-07-16','2099-12-31',1,'2017-07-16 02:38:12','2017-07-16 02:38:12'),(1126,66,'WIFE_BIRTHDAY','Birthday',NULL,'01','','2017-07-16','2099-12-31',1,'2017-07-16 02:38:12','2017-07-16 02:38:12'),(1127,66,'WIFE_CONTACT_MOBILENO','Mobile No.',NULL,'01','','2017-07-16','2099-12-31',1,'2017-07-16 02:38:12','2017-07-16 02:38:12'),(1128,66,'WIFE_EMAIL','Email',NULL,'01','','2017-07-16','2099-12-31',1,'2017-07-16 02:38:12','2017-07-16 02:38:12'),(1129,67,'STATUS','Civil Status','MARRIED','01','','2017-07-16','2099-12-31',1,'2017-07-16 02:39:29','2017-07-16 02:39:29'),(1130,67,'GENDER','Gender',NULL,'01','','2017-07-16','2099-12-31',1,'2017-07-16 02:39:29','2017-07-16 02:39:29'),(1131,67,'BIRTHDAY','Birthday',NULL,'01','','2017-07-16','2099-12-31',1,'2017-07-16 02:39:29','2017-07-16 02:39:29'),(1132,67,'ADDRESS_STREET','Address Street','Huxley L13 B11 P4','01','','2017-07-16','2099-12-31',1,'2017-07-16 02:39:29','2017-07-16 02:39:29'),(1133,67,'ADDRESS_CITY','Address City','-','01','','2017-07-16','2099-12-31',1,'2017-07-16 02:39:29','2017-07-16 02:39:29'),(1134,67,'ADDRESS_PROVINCE','Address City','-','01','','2017-07-16','2099-12-31',1,'2017-07-16 02:39:29','2017-07-16 02:39:29'),(1135,67,'CONTACT_MOBILENO','Mobile No.',NULL,'01','','2017-07-16','2099-12-31',1,'2017-07-16 02:39:29','2017-07-16 02:39:29'),(1136,67,'CONTACT_TELEPHONENO','Telephone No.',NULL,'01','','2017-07-16','2099-12-31',1,'2017-07-16 02:39:29','2017-07-16 02:39:29'),(1137,67,'EMAIL','Email',NULL,'01','','2017-07-16','2099-12-31',1,'2017-07-16 02:39:29','2017-07-16 02:39:29'),(1138,67,'YEAR_MOVED','Year moved to Green Ridge',NULL,'01','','2017-07-16','2099-12-31',1,'2017-07-16 02:39:29','2017-07-16 02:39:29'),(1139,67,'REPRESENTATIVE','Authorized Representative',NULL,'01','','2017-07-16','2099-12-31',1,'2017-07-16 02:39:29','2017-07-16 02:39:29'),(1140,67,'REPRESENTATIVE_RELATIONSHIP','Authorized Representative Relationship.',NULL,'01','','2017-07-16','2099-12-31',1,'2017-07-16 02:39:29','2017-07-16 02:39:29'),(1141,67,'REPRESENTATIVE_CONTACTNO','Authorized Representative Contact No.',NULL,'01','','2017-07-16','2099-12-31',1,'2017-07-16 02:39:29','2017-07-16 02:39:29'),(1142,67,'WIFE_LNAME','Wife lastname','BELLIN','01','','2017-07-16','2099-12-31',1,'2017-07-16 02:39:29','2017-07-16 02:39:29'),(1143,67,'WIFE_FNAME','Wife firstname','SHERYL','01','','2017-07-16','2099-12-31',1,'2017-07-16 02:39:29','2017-07-16 02:39:29'),(1144,67,'WIFE_MNAME','Wife middlename',NULL,'01','','2017-07-16','2099-12-31',1,'2017-07-16 02:39:29','2017-07-16 02:39:29'),(1145,67,'WIFE_BIRTHDAY','Birthday',NULL,'01','','2017-07-16','2099-12-31',1,'2017-07-16 02:39:29','2017-07-16 02:39:29'),(1146,67,'WIFE_CONTACT_MOBILENO','Mobile No.',NULL,'01','','2017-07-16','2099-12-31',1,'2017-07-16 02:39:29','2017-07-16 02:39:29'),(1147,67,'WIFE_EMAIL','Email',NULL,'01','','2017-07-16','2099-12-31',1,'2017-07-16 02:39:29','2017-07-16 02:39:29'),(1148,68,'STATUS','Civil Status','MARRIED','01','','2017-07-16','2099-12-31',1,'2017-07-16 02:41:08','2017-07-16 02:41:08'),(1149,68,'GENDER','Gender',NULL,'01','','2017-07-16','2099-12-31',1,'2017-07-16 02:41:08','2017-07-16 02:41:08'),(1150,68,'BIRTHDAY','Birthday',NULL,'01','','2017-07-16','2099-12-31',1,'2017-07-16 02:41:08','2017-07-16 02:41:08'),(1151,68,'ADDRESS_STREET','Address Street','Stratford L17 B16 P1','01','','2017-07-16','2099-12-31',1,'2017-07-16 02:41:08','2017-07-16 02:41:08'),(1152,68,'ADDRESS_CITY','Address City','-','01','','2017-07-16','2099-12-31',1,'2017-07-16 02:41:08','2017-07-16 02:41:08'),(1153,68,'ADDRESS_PROVINCE','Address City','-','01','','2017-07-16','2099-12-31',1,'2017-07-16 02:41:08','2017-07-16 02:41:08'),(1154,68,'CONTACT_MOBILENO','Mobile No.',NULL,'01','','2017-07-16','2099-12-31',1,'2017-07-16 02:41:08','2017-07-16 02:41:08'),(1155,68,'CONTACT_TELEPHONENO','Telephone No.',NULL,'01','','2017-07-16','2099-12-31',1,'2017-07-16 02:41:08','2017-07-16 02:41:08'),(1156,68,'EMAIL','Email',NULL,'01','','2017-07-16','2099-12-31',1,'2017-07-16 02:41:08','2017-07-16 02:41:08'),(1157,68,'YEAR_MOVED','Year moved to Green Ridge',NULL,'01','','2017-07-16','2099-12-31',1,'2017-07-16 02:41:08','2017-07-16 02:41:08'),(1158,68,'REPRESENTATIVE','Authorized Representative',NULL,'01','','2017-07-16','2099-12-31',1,'2017-07-16 02:41:08','2017-07-16 02:41:08'),(1159,68,'REPRESENTATIVE_RELATIONSHIP','Authorized Representative Relationship.',NULL,'01','','2017-07-16','2099-12-31',1,'2017-07-16 02:41:08','2017-07-16 02:41:08'),(1160,68,'REPRESENTATIVE_CONTACTNO','Authorized Representative Contact No.',NULL,'01','','2017-07-16','2099-12-31',1,'2017-07-16 02:41:08','2017-07-16 02:41:08'),(1161,68,'WIFE_LNAME','Wife lastname','BENEDICTO','01','','2017-07-16','2099-12-31',1,'2017-07-16 02:41:08','2017-07-16 02:41:08'),(1162,68,'WIFE_FNAME','Wife firstname','CATHERINE','01','','2017-07-16','2099-12-31',1,'2017-07-16 02:41:08','2017-07-16 02:41:08'),(1163,68,'WIFE_MNAME','Wife middlename',NULL,'01','','2017-07-16','2099-12-31',1,'2017-07-16 02:41:08','2017-07-16 02:41:08'),(1164,68,'WIFE_BIRTHDAY','Birthday',NULL,'01','','2017-07-16','2099-12-31',1,'2017-07-16 02:41:08','2017-07-16 02:41:08'),(1165,68,'WIFE_CONTACT_MOBILENO','Mobile No.',NULL,'01','','2017-07-16','2099-12-31',1,'2017-07-16 02:41:08','2017-07-16 02:41:08'),(1166,68,'WIFE_EMAIL','Email',NULL,'01','','2017-07-16','2099-12-31',1,'2017-07-16 02:41:08','2017-07-16 02:41:08'),(1167,69,'STATUS','Civil Status','MARRIED','01','','2017-07-16','2099-12-31',1,'2017-07-16 02:42:06','2017-07-16 02:42:06'),(1168,69,'GENDER','Gender',NULL,'01','','2017-07-16','2099-12-31',1,'2017-07-16 02:42:06','2017-07-16 02:42:06'),(1169,69,'BIRTHDAY','Birthday',NULL,'01','','2017-07-16','2099-12-31',1,'2017-07-16 02:42:06','2017-07-16 02:42:06'),(1170,69,'ADDRESS_STREET','Address Street','De la Cour L11 B6 P4','01','','2017-07-16','2099-12-31',1,'2017-07-16 02:42:06','2017-07-16 02:42:06'),(1171,69,'ADDRESS_CITY','Address City','-','01','','2017-07-16','2099-12-31',1,'2017-07-16 02:42:06','2017-07-16 02:42:06'),(1172,69,'ADDRESS_PROVINCE','Address City','-','01','','2017-07-16','2099-12-31',1,'2017-07-16 02:42:06','2017-07-16 02:42:06'),(1173,69,'CONTACT_MOBILENO','Mobile No.',NULL,'01','','2017-07-16','2099-12-31',1,'2017-07-16 02:42:06','2017-07-16 02:42:06'),(1174,69,'CONTACT_TELEPHONENO','Telephone No.',NULL,'01','','2017-07-16','2099-12-31',1,'2017-07-16 02:42:06','2017-07-16 02:42:06'),(1175,69,'EMAIL','Email',NULL,'01','','2017-07-16','2099-12-31',1,'2017-07-16 02:42:06','2017-07-16 02:42:06'),(1176,69,'YEAR_MOVED','Year moved to Green Ridge',NULL,'01','','2017-07-16','2099-12-31',1,'2017-07-16 02:42:06','2017-07-16 02:42:06'),(1177,69,'REPRESENTATIVE','Authorized Representative',NULL,'01','','2017-07-16','2099-12-31',1,'2017-07-16 02:42:06','2017-07-16 02:42:06'),(1178,69,'REPRESENTATIVE_RELATIONSHIP','Authorized Representative Relationship.',NULL,'01','','2017-07-16','2099-12-31',1,'2017-07-16 02:42:06','2017-07-16 02:42:06'),(1179,69,'REPRESENTATIVE_CONTACTNO','Authorized Representative Contact No.',NULL,'01','','2017-07-16','2099-12-31',1,'2017-07-16 02:42:06','2017-07-16 02:42:06'),(1180,69,'WIFE_LNAME','Wife lastname','BERCADES','01','','2017-07-16','2099-12-31',1,'2017-07-16 02:42:06','2017-07-16 02:42:06'),(1181,69,'WIFE_FNAME','Wife firstname','HELEN','01','','2017-07-16','2099-12-31',1,'2017-07-16 02:42:06','2017-07-16 02:42:06'),(1182,69,'WIFE_MNAME','Wife middlename',NULL,'01','','2017-07-16','2099-12-31',1,'2017-07-16 02:42:06','2017-07-16 02:42:06'),(1183,69,'WIFE_BIRTHDAY','Birthday',NULL,'01','','2017-07-16','2099-12-31',1,'2017-07-16 02:42:06','2017-07-16 02:42:06'),(1184,69,'WIFE_CONTACT_MOBILENO','Mobile No.',NULL,'01','','2017-07-16','2099-12-31',1,'2017-07-16 02:42:06','2017-07-16 02:42:06'),(1185,69,'WIFE_EMAIL','Email',NULL,'01','','2017-07-16','2099-12-31',1,'2017-07-16 02:42:06','2017-07-16 02:42:06'),(1186,70,'STATUS','Civil Status','MARRIED','01','','2017-07-16','2099-12-31',1,'2017-07-16 02:43:45','2017-07-16 02:43:45'),(1187,70,'GENDER','Gender',NULL,'01','','2017-07-16','2099-12-31',1,'2017-07-16 02:43:45','2017-07-16 02:43:45'),(1188,70,'BIRTHDAY','Birthday',NULL,'01','','2017-07-16','2099-12-31',1,'2017-07-16 02:43:45','2017-07-16 02:43:45'),(1189,70,'ADDRESS_STREET','Address Street','Edgerton L6 B6 P4','01','','2017-07-16','2099-12-31',1,'2017-07-16 02:43:45','2017-07-16 02:43:45'),(1190,70,'ADDRESS_CITY','Address City','-','01','','2017-07-16','2099-12-31',1,'2017-07-16 02:43:45','2017-07-16 02:43:45'),(1191,70,'ADDRESS_PROVINCE','Address City','-','01','','2017-07-16','2099-12-31',1,'2017-07-16 02:43:45','2017-07-16 02:43:45'),(1192,70,'CONTACT_MOBILENO','Mobile No.',NULL,'01','','2017-07-16','2099-12-31',1,'2017-07-16 02:43:45','2017-07-16 02:43:45'),(1193,70,'CONTACT_TELEPHONENO','Telephone No.',NULL,'01','','2017-07-16','2099-12-31',1,'2017-07-16 02:43:45','2017-07-16 02:43:45'),(1194,70,'EMAIL','Email',NULL,'01','','2017-07-16','2099-12-31',1,'2017-07-16 02:43:45','2017-07-16 02:43:45'),(1195,70,'YEAR_MOVED','Year moved to Green Ridge',NULL,'01','','2017-07-16','2099-12-31',1,'2017-07-16 02:43:45','2017-07-16 02:43:45'),(1196,70,'REPRESENTATIVE','Authorized Representative',NULL,'01','','2017-07-16','2099-12-31',1,'2017-07-16 02:43:45','2017-07-16 02:43:45'),(1197,70,'REPRESENTATIVE_RELATIONSHIP','Authorized Representative Relationship.',NULL,'01','','2017-07-16','2099-12-31',1,'2017-07-16 02:43:45','2017-07-16 02:43:45'),(1198,70,'REPRESENTATIVE_CONTACTNO','Authorized Representative Contact No.',NULL,'01','','2017-07-16','2099-12-31',1,'2017-07-16 02:43:45','2017-07-16 02:43:45'),(1199,70,'WIFE_LNAME','Wife lastname','BONIFACIO','01','','2017-07-16','2099-12-31',1,'2017-07-16 02:43:45','2017-07-16 02:43:45'),(1200,70,'WIFE_FNAME','Wife firstname','HELEN','01','','2017-07-16','2099-12-31',1,'2017-07-16 02:43:45','2017-07-16 02:43:45'),(1201,70,'WIFE_MNAME','Wife middlename',NULL,'01','','2017-07-16','2099-12-31',1,'2017-07-16 02:43:45','2017-07-16 02:43:45'),(1202,70,'WIFE_BIRTHDAY','Birthday',NULL,'01','','2017-07-16','2099-12-31',1,'2017-07-16 02:43:45','2017-07-16 02:43:45'),(1203,70,'WIFE_CONTACT_MOBILENO','Mobile No.',NULL,'01','','2017-07-16','2099-12-31',1,'2017-07-16 02:43:45','2017-07-16 02:43:45'),(1204,70,'WIFE_EMAIL','Email',NULL,'01','','2017-07-16','2099-12-31',1,'2017-07-16 02:43:45','2017-07-16 02:43:45'),(1205,71,'STATUS','Civil Status','MARRIED','01','','2017-07-16','2099-12-31',1,'2017-07-16 02:45:33','2017-07-16 02:45:33'),(1206,71,'GENDER','Gender',NULL,'01','','2017-07-16','2099-12-31',1,'2017-07-16 02:45:33','2017-07-16 02:45:33'),(1207,71,'BIRTHDAY','Birthday',NULL,'01','','2017-07-16','2099-12-31',1,'2017-07-16 02:45:33','2017-07-16 02:45:33'),(1208,71,'ADDRESS_STREET','Address Street','De la Cour L23 B6 P4','01','','2017-07-16','2099-12-31',1,'2017-07-16 02:45:33','2017-07-16 02:45:33'),(1209,71,'ADDRESS_CITY','Address City','-','01','','2017-07-16','2099-12-31',1,'2017-07-16 02:45:33','2017-07-16 02:45:33'),(1210,71,'ADDRESS_PROVINCE','Address City','-','01','','2017-07-16','2099-12-31',1,'2017-07-16 02:45:33','2017-07-16 02:45:33'),(1211,71,'CONTACT_MOBILENO','Mobile No.',NULL,'01','','2017-07-16','2099-12-31',1,'2017-07-16 02:45:33','2017-07-16 02:45:33'),(1212,71,'CONTACT_TELEPHONENO','Telephone No.',NULL,'01','','2017-07-16','2099-12-31',1,'2017-07-16 02:45:33','2017-07-16 02:45:33'),(1213,71,'EMAIL','Email',NULL,'01','','2017-07-16','2099-12-31',1,'2017-07-16 02:45:33','2017-07-16 02:45:33'),(1214,71,'YEAR_MOVED','Year moved to Green Ridge',NULL,'01','','2017-07-16','2099-12-31',1,'2017-07-16 02:45:33','2017-07-16 02:45:33'),(1215,71,'REPRESENTATIVE','Authorized Representative',NULL,'01','','2017-07-16','2099-12-31',1,'2017-07-16 02:45:33','2017-07-16 02:45:33'),(1216,71,'REPRESENTATIVE_RELATIONSHIP','Authorized Representative Relationship.',NULL,'01','','2017-07-16','2099-12-31',1,'2017-07-16 02:45:33','2017-07-16 02:45:33'),(1217,71,'REPRESENTATIVE_CONTACTNO','Authorized Representative Contact No.',NULL,'01','','2017-07-16','2099-12-31',1,'2017-07-16 02:45:33','2017-07-16 02:45:33'),(1218,71,'WIFE_LNAME','Wife lastname','BRILLO','01','','2017-07-16','2099-12-31',1,'2017-07-16 02:45:33','2017-07-16 02:45:33'),(1219,71,'WIFE_FNAME','Wife firstname','SIGNAR','01','','2017-07-16','2099-12-31',1,'2017-07-16 02:45:33','2017-07-16 02:45:33'),(1220,71,'WIFE_MNAME','Wife middlename',NULL,'01','','2017-07-16','2099-12-31',1,'2017-07-16 02:45:33','2017-07-16 02:45:33'),(1221,71,'WIFE_BIRTHDAY','Birthday',NULL,'01','','2017-07-16','2099-12-31',1,'2017-07-16 02:45:33','2017-07-16 02:45:33'),(1222,71,'WIFE_CONTACT_MOBILENO','Mobile No.',NULL,'01','','2017-07-16','2099-12-31',1,'2017-07-16 02:45:33','2017-07-16 02:45:33'),(1223,71,'WIFE_EMAIL','Email',NULL,'01','','2017-07-16','2099-12-31',1,'2017-07-16 02:45:33','2017-07-16 02:45:33'),(1224,72,'STATUS','Civil Status','MARRIED','01','','2017-07-16','2099-12-31',1,'2017-07-16 02:46:13','2017-07-16 02:46:13'),(1225,72,'GENDER','Gender',NULL,'01','','2017-07-16','2099-12-31',1,'2017-07-16 02:46:13','2017-07-16 02:46:13'),(1226,72,'BIRTHDAY','Birthday',NULL,'01','','2017-07-16','2099-12-31',1,'2017-07-16 02:46:13','2017-07-16 02:46:13'),(1227,72,'ADDRESS_STREET','Address Street','Petone L26 B11 P1','01','','2017-07-16','2099-12-31',1,'2017-07-16 02:46:13','2017-07-16 02:46:13'),(1228,72,'ADDRESS_CITY','Address City','-','01','','2017-07-16','2099-12-31',1,'2017-07-16 02:46:13','2017-07-16 02:46:13'),(1229,72,'ADDRESS_PROVINCE','Address City','-','01','','2017-07-16','2099-12-31',1,'2017-07-16 02:46:13','2017-07-16 02:46:13'),(1230,72,'CONTACT_MOBILENO','Mobile No.',NULL,'01','','2017-07-16','2099-12-31',1,'2017-07-16 02:46:13','2017-07-16 02:46:13'),(1231,72,'CONTACT_TELEPHONENO','Telephone No.',NULL,'01','','2017-07-16','2099-12-31',1,'2017-07-16 02:46:13','2017-07-16 02:46:13'),(1232,72,'EMAIL','Email',NULL,'01','','2017-07-16','2099-12-31',1,'2017-07-16 02:46:13','2017-07-16 02:46:13'),(1233,72,'YEAR_MOVED','Year moved to Green Ridge',NULL,'01','','2017-07-16','2099-12-31',1,'2017-07-16 02:46:13','2017-07-16 02:46:13'),(1234,72,'REPRESENTATIVE','Authorized Representative',NULL,'01','','2017-07-16','2099-12-31',1,'2017-07-16 02:46:13','2017-07-16 02:46:13'),(1235,72,'REPRESENTATIVE_RELATIONSHIP','Authorized Representative Relationship.',NULL,'01','','2017-07-16','2099-12-31',1,'2017-07-16 02:46:13','2017-07-16 02:46:13'),(1236,72,'REPRESENTATIVE_CONTACTNO','Authorized Representative Contact No.',NULL,'01','','2017-07-16','2099-12-31',1,'2017-07-16 02:46:13','2017-07-16 02:46:13'),(1237,72,'WIFE_LNAME','Wife lastname','BROSA','01','','2017-07-16','2099-12-31',1,'2017-07-16 02:46:13','2017-07-16 02:46:13'),(1238,72,'WIFE_FNAME','Wife firstname','HELEN','01','','2017-07-16','2099-12-31',1,'2017-07-16 02:46:13','2017-07-16 02:46:13'),(1239,72,'WIFE_MNAME','Wife middlename',NULL,'01','','2017-07-16','2099-12-31',1,'2017-07-16 02:46:13','2017-07-16 02:46:13'),(1240,72,'WIFE_BIRTHDAY','Birthday',NULL,'01','','2017-07-16','2099-12-31',1,'2017-07-16 02:46:13','2017-07-16 02:46:13'),(1241,72,'WIFE_CONTACT_MOBILENO','Mobile No.',NULL,'01','','2017-07-16','2099-12-31',1,'2017-07-16 02:46:13','2017-07-16 02:46:13'),(1242,72,'WIFE_EMAIL','Email',NULL,'01','','2017-07-16','2099-12-31',1,'2017-07-16 02:46:13','2017-07-16 02:46:13'),(1243,47,'STATUS','Civil Status','MARRIED','01','','2008-01-01','2099-12-31',1,'2008-01-01 07:04:17','2008-01-01 07:04:17'),(1244,47,'GENDER','Gender',NULL,'01','','2008-01-01','2099-12-31',1,'2008-01-01 07:04:17','2008-01-01 07:04:17'),(1245,47,'BIRTHDAY','Birthday','1969-12-31','01','','2008-01-01','2099-12-31',1,'2008-01-01 07:04:17','2008-01-01 07:04:17'),(1246,47,'ADDRESS_STREET','Address Street','Henderson','01','','2008-01-01','2099-12-31',1,'2008-01-01 07:04:17','2008-01-01 07:04:17'),(1247,47,'ADDRESS_CITY','Address City','-','01','','2008-01-01','2099-12-31',1,'2008-01-01 07:04:17','2008-01-01 07:04:17'),(1248,47,'ADDRESS_PROVINCE','Address City','-','01','','2008-01-01','2099-12-31',1,'2008-01-01 07:04:17','2008-01-01 07:04:17'),(1249,47,'CONTACT_MOBILENO','Mobile No.',NULL,'01','','2008-01-01','2099-12-31',1,'2008-01-01 07:04:17','2008-01-01 07:04:17'),(1250,47,'CONTACT_TELEPHONENO','Telephone No.',NULL,'01','','2008-01-01','2099-12-31',1,'2008-01-01 07:04:17','2008-01-01 07:04:17'),(1251,47,'EMAIL','Email',NULL,'01','','2008-01-01','2099-12-31',1,'2008-01-01 07:04:17','2008-01-01 07:04:17'),(1252,47,'YEAR_MOVED','Year moved to Green Ridge',NULL,'01','','2008-01-01','2099-12-31',1,'2008-01-01 07:04:17','2008-01-01 07:04:17'),(1253,47,'REPRESENTATIVE','Authorized Representative',NULL,'01','','2008-01-01','2099-12-31',1,'2008-01-01 07:04:17','2008-01-01 07:04:17'),(1254,47,'REPRESENTATIVE_RELATIONSHIP','Authorized Representative Relationship.',NULL,'01','','2008-01-01','2099-12-31',1,'2008-01-01 07:04:17','2008-01-01 07:04:17'),(1255,47,'REPRESENTATIVE_CONTACTNO','Authorized Representative Contact No.',NULL,'01','','2008-01-01','2099-12-31',1,'2008-01-01 07:04:17','2008-01-01 07:04:17'),(1256,47,'WIFE_LNAME','Wife lastname','ALCANTARA','01','','2008-01-01','2099-12-31',1,'2008-01-01 07:04:17','2008-01-01 07:04:17'),(1257,47,'WIFE_FNAME','Wife firstname','MIMI','01','','2008-01-01','2099-12-31',1,'2008-01-01 07:04:17','2008-01-01 07:04:17'),(1258,47,'WIFE_MNAME','Wife middlename',NULL,'01','','2008-01-01','2099-12-31',1,'2008-01-01 07:04:17','2008-01-01 07:04:17'),(1259,47,'WIFE_BIRTHDAY','Birthday','1969-12-31','01','','2008-01-01','2099-12-31',1,'2008-01-01 07:04:17','2008-01-01 07:04:17'),(1260,47,'WIFE_CONTACT_MOBILENO','Mobile No.',NULL,'01','','2008-01-01','2099-12-31',1,'2008-01-01 07:04:17','2008-01-01 07:04:17'),(1261,47,'WIFE_EMAIL','Email',NULL,'01','','2008-01-01','2099-12-31',1,'2008-01-01 07:04:17','2008-01-01 07:04:17'),(1262,73,'STATUS','Civil Status',NULL,'01','','2008-01-01','2099-12-31',1,'2008-01-01 07:07:43','2008-01-01 07:07:43'),(1263,73,'GENDER','Gender',NULL,'01','','2008-01-01','2099-12-31',1,'2008-01-01 07:07:43','2008-01-01 07:07:43'),(1264,73,'BIRTHDAY','Birthday',NULL,'01','','2008-01-01','2099-12-31',1,'2008-01-01 07:07:43','2008-01-01 07:07:43'),(1265,73,'ADDRESS_STREET','Address Street',NULL,'01','','2008-01-01','2099-12-31',1,'2008-01-01 07:07:43','2008-01-01 07:07:43'),(1266,73,'ADDRESS_CITY','Address City',NULL,'01','','2008-01-01','2099-12-31',1,'2008-01-01 07:07:43','2008-01-01 07:07:43'),(1267,73,'ADDRESS_PROVINCE','Address City',NULL,'01','','2008-01-01','2099-12-31',1,'2008-01-01 07:07:43','2008-01-01 07:07:43'),(1268,73,'CONTACT_MOBILENO','Mobile No.',NULL,'01','','2008-01-01','2099-12-31',1,'2008-01-01 07:07:43','2008-01-01 07:07:43'),(1269,73,'CONTACT_TELEPHONENO','Telephone No.',NULL,'01','','2008-01-01','2099-12-31',1,'2008-01-01 07:07:43','2008-01-01 07:07:43'),(1270,73,'EMAIL','Email',NULL,'01','','2008-01-01','2099-12-31',1,'2008-01-01 07:07:43','2008-01-01 07:07:43'),(1271,73,'YEAR_MOVED','Year moved to Green Ridge',NULL,'01','','2008-01-01','2099-12-31',1,'2008-01-01 07:07:43','2008-01-01 07:07:43'),(1272,73,'REPRESENTATIVE','Authorized Representative',NULL,'01','','2008-01-01','2099-12-31',1,'2008-01-01 07:07:43','2008-01-01 07:07:43'),(1273,73,'REPRESENTATIVE_RELATIONSHIP','Authorized Representative Relationship.',NULL,'01','','2008-01-01','2099-12-31',1,'2008-01-01 07:07:43','2008-01-01 07:07:43'),(1274,73,'REPRESENTATIVE_CONTACTNO','Authorized Representative Contact No.',NULL,'01','','2008-01-01','2099-12-31',1,'2008-01-01 07:07:43','2008-01-01 07:07:43'),(1275,73,'WIFE_LNAME','Wife lastname',NULL,'01','','2008-01-01','2099-12-31',1,'2008-01-01 07:07:43','2008-01-01 07:07:43'),(1276,73,'WIFE_FNAME','Wife firstname',NULL,'01','','2008-01-01','2099-12-31',1,'2008-01-01 07:07:43','2008-01-01 07:07:43'),(1277,73,'WIFE_MNAME','Wife middlename',NULL,'01','','2008-01-01','2099-12-31',1,'2008-01-01 07:07:43','2008-01-01 07:07:43'),(1278,73,'WIFE_BIRTHDAY','Birthday',NULL,'01','','2008-01-01','2099-12-31',1,'2008-01-01 07:07:43','2008-01-01 07:07:43'),(1279,73,'WIFE_CONTACT_MOBILENO','Mobile No.',NULL,'01','','2008-01-01','2099-12-31',1,'2008-01-01 07:07:43','2008-01-01 07:07:43'),(1280,73,'WIFE_EMAIL','Email',NULL,'01','','2008-01-01','2099-12-31',1,'2008-01-01 07:07:43','2008-01-01 07:07:43'),(1281,74,'STATUS','Civil Status',NULL,'01','','2008-01-01','2099-12-31',1,'2008-01-01 07:10:45','2008-01-01 07:10:45'),(1282,74,'GENDER','Gender',NULL,'01','','2008-01-01','2099-12-31',1,'2008-01-01 07:10:45','2008-01-01 07:10:45'),(1283,74,'BIRTHDAY','Birthday',NULL,'01','','2008-01-01','2099-12-31',1,'2008-01-01 07:10:45','2008-01-01 07:10:45'),(1284,74,'ADDRESS_STREET','Address Street',NULL,'01','','2008-01-01','2099-12-31',1,'2008-01-01 07:10:45','2008-01-01 07:10:45'),(1285,74,'ADDRESS_CITY','Address City',NULL,'01','','2008-01-01','2099-12-31',1,'2008-01-01 07:10:45','2008-01-01 07:10:45'),(1286,74,'ADDRESS_PROVINCE','Address City',NULL,'01','','2008-01-01','2099-12-31',1,'2008-01-01 07:10:45','2008-01-01 07:10:45'),(1287,74,'CONTACT_MOBILENO','Mobile No.',NULL,'01','','2008-01-01','2099-12-31',1,'2008-01-01 07:10:45','2008-01-01 07:10:45'),(1288,74,'CONTACT_TELEPHONENO','Telephone No.',NULL,'01','','2008-01-01','2099-12-31',1,'2008-01-01 07:10:45','2008-01-01 07:10:45'),(1289,74,'EMAIL','Email',NULL,'01','','2008-01-01','2099-12-31',1,'2008-01-01 07:10:45','2008-01-01 07:10:45'),(1290,74,'YEAR_MOVED','Year moved to Green Ridge',NULL,'01','','2008-01-01','2099-12-31',1,'2008-01-01 07:10:45','2008-01-01 07:10:45'),(1291,74,'REPRESENTATIVE','Authorized Representative',NULL,'01','','2008-01-01','2099-12-31',1,'2008-01-01 07:10:45','2008-01-01 07:10:45'),(1292,74,'REPRESENTATIVE_RELATIONSHIP','Authorized Representative Relationship.',NULL,'01','','2008-01-01','2099-12-31',1,'2008-01-01 07:10:45','2008-01-01 07:10:45'),(1293,74,'REPRESENTATIVE_CONTACTNO','Authorized Representative Contact No.',NULL,'01','','2008-01-01','2099-12-31',1,'2008-01-01 07:10:45','2008-01-01 07:10:45'),(1294,74,'WIFE_LNAME','Wife lastname',NULL,'01','','2008-01-01','2099-12-31',1,'2008-01-01 07:10:45','2008-01-01 07:10:45'),(1295,74,'WIFE_FNAME','Wife firstname',NULL,'01','','2008-01-01','2099-12-31',1,'2008-01-01 07:10:45','2008-01-01 07:10:45'),(1296,74,'WIFE_MNAME','Wife middlename',NULL,'01','','2008-01-01','2099-12-31',1,'2008-01-01 07:10:45','2008-01-01 07:10:45'),(1297,74,'WIFE_BIRTHDAY','Birthday',NULL,'01','','2008-01-01','2099-12-31',1,'2008-01-01 07:10:45','2008-01-01 07:10:45'),(1298,74,'WIFE_CONTACT_MOBILENO','Mobile No.',NULL,'01','','2008-01-01','2099-12-31',1,'2008-01-01 07:10:45','2008-01-01 07:10:45'),(1299,74,'WIFE_EMAIL','Email',NULL,'01','','2008-01-01','2099-12-31',1,'2008-01-01 07:10:45','2008-01-01 07:10:45');
/*!40000 ALTER TABLE `person_profile` ENABLE KEYS */;
UNLOCK TABLES;

--
-- Table structure for table `transaction`
--

DROP TABLE IF EXISTS `transaction`;
/*!40101 SET @saved_cs_client     = @@character_set_client */;
/*!40101 SET character_set_client = utf8 */;
CREATE TABLE `transaction` (
  `transactionid` int(11) NOT NULL AUTO_INCREMENT,
  `trantype` varchar(25) DEFAULT NULL,
  `trantype1` varchar(25) DEFAULT NULL,
  `refid` varchar(25) DEFAULT NULL,
  `refdate` date DEFAULT NULL,
  `amount` decimal(18,2) DEFAULT NULL,
  `datefinancial` date DEFAULT NULL,
  `posted` bit(1) DEFAULT b'0',
  `closed` bit(1) DEFAULT b'0',
  `deleted` bit(1) DEFAULT b'0',
  `created_at` datetime DEFAULT NULL,
  `updated_at` datetime DEFAULT CURRENT_TIMESTAMP,
  `createdby` int(11) DEFAULT NULL,
  PRIMARY KEY (`transactionid`)
) ENGINE=InnoDB AUTO_INCREMENT=5 DEFAULT CHARSET=latin1;
/*!40101 SET character_set_client = @saved_cs_client */;

--
-- Dumping data for table `transaction`
--

LOCK TABLES `transaction` WRITE;
/*!40000 ALTER TABLE `transaction` DISABLE KEYS */;
INSERT INTO `transaction` VALUES (1,'COLLECTION',NULL,'15001','2017-04-10',870.00,NULL,'','\0','\0','2008-01-01 07:11:50','2008-01-01 07:11:50',NULL),(2,'COLLECTION',NULL,'15002','2017-04-10',400.00,NULL,'','\0','\0','2008-01-01 07:11:54','2008-01-01 07:11:54',NULL),(3,'EXPENSE',NULL,'1','2017-06-11',1570.00,NULL,'','\0','\0','2017-07-16 06:44:08','2017-07-16 06:44:08',NULL),(4,'EXPENSE',NULL,'2','2017-06-19',50.00,NULL,'','\0','\0','2017-07-16 06:44:12','2017-07-16 06:44:12',NULL);
/*!40000 ALTER TABLE `transaction` ENABLE KEYS */;
UNLOCK TABLES;

--
-- Table structure for table `users`
--

DROP TABLE IF EXISTS `users`;
/*!40101 SET @saved_cs_client     = @@character_set_client */;
/*!40101 SET character_set_client = utf8 */;
CREATE TABLE `users` (
  `userid` int(11) NOT NULL AUTO_INCREMENT,
  `username` varchar(45) DEFAULT NULL,
  `password` varchar(100) NOT NULL,
  `active` bit(1) DEFAULT b'1',
  `created_at` datetime DEFAULT NULL,
  `updated_at` datetime DEFAULT CURRENT_TIMESTAMP,
  `email` varchar(45) DEFAULT NULL,
  `name` varchar(45) DEFAULT NULL,
  PRIMARY KEY (`userid`)
) ENGINE=InnoDB AUTO_INCREMENT=4 DEFAULT CHARSET=latin1;
/*!40101 SET character_set_client = @saved_cs_client */;

--
-- Dumping data for table `users`
--

LOCK TABLES `users` WRITE;
/*!40000 ALTER TABLE `users` DISABLE KEYS */;
INSERT INTO `users` VALUES (3,'admin','$2y$10$cw0B4VYWxHLXYLTtUCAJXe6J0oW49pa3yQje8E7Y9jngYRDou.aLe','',NULL,'2017-07-02 15:28:58',NULL,NULL);
/*!40000 ALTER TABLE `users` ENABLE KEYS */;
UNLOCK TABLES;
/*!40103 SET TIME_ZONE=@OLD_TIME_ZONE */;

/*!40101 SET SQL_MODE=@OLD_SQL_MODE */;
/*!40014 SET FOREIGN_KEY_CHECKS=@OLD_FOREIGN_KEY_CHECKS */;
/*!40014 SET UNIQUE_CHECKS=@OLD_UNIQUE_CHECKS */;
/*!40101 SET CHARACTER_SET_CLIENT=@OLD_CHARACTER_SET_CLIENT */;
/*!40101 SET CHARACTER_SET_RESULTS=@OLD_CHARACTER_SET_RESULTS */;
/*!40101 SET COLLATION_CONNECTION=@OLD_COLLATION_CONNECTION */;
/*!40111 SET SQL_NOTES=@OLD_SQL_NOTES */;

-- Dump completed on 2017-07-22 11:55:09
